cohort,method,biomarker,n,vendor_F,vendor_p,vendor_eta2,vendor_ICC,age_R2,sex_R2,r_pre_post
HC,Original,T2w_CSA,203,5.6103010030581535,0.0042596307945283,0.0531226684307594,0.0637865858474484,0.0007948484744567,0.1046849916531693,1.0
HC,Original,GM_CSA_mm2,203,21.61249506664539,3.1781919382601064e-09,0.1777160731288478,0.2334921929697875,0.0018109425089642,0.0893709789789694,1.0
HC,Original,MTR,194,18.440317957629382,4.760227436159717e-08,0.1618419036226207,0.2124096754671062,0.0117293561130445,0.0002999389225586,1.0
HC,Original,MTsat,190,47.71378565065893,1.8087442625273802e-17,0.3378833407150165,0.4244889469342129,0.0057076307169664,0.0023253923769482,1.0
HC,Original,FA,198,36.0774845992118,4.666132678261315e-14,0.2700865696599944,0.3470355909458928,0.0002541757753541,0.0044097076375861,1.0
HC,Original,MD,198,59.016486778706486,9.085339408375243e-21,0.3770624296093994,0.4678126939866504,0.0001128998881877,0.000682548275927,1.0
HC,Original,AD,198,160.6123187211183,5.978588118863807e-42,0.6222574711540778,0.707462782289015,0.0002974419169909,7.373823154299686e-06,1.0
HC,Original,RD,198,30.056370926756564,4.187838669728915e-12,0.2356320637564633,0.3056751551050196,2.4003743925749e-05,0.0014976613641083,1.0
HC,ComBat,T2w_CSA,203,0.0479492472764926,0.9531931164521902,0.0004792626699222,-0.014270497396726,9.1154379899816e-07,0.100687263248412,0.9721430008834868
HC,ComBat,GM_CSA_mm2,203,0.0406766895699324,0.9601474439676292,0.0004066015036678,-0.0143810750385756,2.6053186883423507e-06,0.0910085642127429,0.912874469646609
HC,ComBat,MTR,194,0.0354086661614107,0.9652172209698248,0.0003706339529581,-0.0151422277657176,0.0073680857796319,0.0006448449995777,0.8509630229635823
HC,ComBat,MTsat,190,0.0038051553319827,0.9962021522304376,4.069519230432552e-05,-0.0159807599261097,2.7344496270731437e-05,0.0069859316759393,0.7879516488190114
HC,ComBat,FA,198,0.0152578579100987,0.9848591291028652,0.0001564663648055,-0.0151463237174578,0.0007759615182734,0.0131008793263269,0.8320020370275519
HC,ComBat,MD,198,0.0488476551478969,0.9523378498445224,0.0005007507143557,-0.0146221244363093,0.011107070223826,0.0046964007895451,0.7615173026581126
HC,ComBat,AD,198,0.067113428337809,0.9351107192371272,0.0006878693647845,-0.014337297637917,0.0207990314342223,0.0027350535806428,0.5889413303653801
HC,ComBat,RD,198,0.0350805000360665,0.9655337801011626,0.0003596705908911,-0.014836907904856,0.0074117355128145,0.0055629385283652,0.8269780193838668
HC,ComBat-joint,T2w_CSA,188,0.0562808433033608,0.945289803205308,0.0006080715732154,-0.01528959965083,3.974051839261694e-05,0.1217936759585319,0.9746625773781192
HC,ComBat-joint,GM_CSA_mm2,188,0.1041166797014576,0.901172912961158,0.0011243202077243,-0.0145033504800327,1.984076747263419e-05,0.1013030062060907,0.919967603568824
HC,ComBat-joint,MTR,188,0.0633712845187901,0.9386152888556818,0.0006846259339885,-0.0151729813647915,0.0001822994622701,0.0008870961912007,0.8161948065920964
HC,ComBat-joint,MTsat,188,0.0496297131567507,0.9515943824703386,0.0005362497214799,-0.0153990168333229,3.2862554602330896e-05,0.0055927816982309,0.8105997955202697
HC,ComBat-joint,FA,188,0.0335907116173014,0.96697308832777,0.0003630110034526,-0.0156629701308642,0.0008786358693323,0.0135619750297745,0.8455904720161788
HC,ComBat-joint,MD,188,0.0124531954746732,0.9876248525187932,0.0001346110177011,-0.0160110391771573,0.0206057664013477,0.0088287442608965,0.7189886110027953
HC,ComBat-joint,AD,188,0.0262498389085514,0.9740953206380506,0.0002837015328542,-0.0157838244039484,0.0330455389436176,0.0053926031389837,0.5447982092399245
HC,ComBat-joint,RD,188,0.0179943509637064,0.9821682994551596,0.0001944956880003,-0.0159197705367242,0.0146041561205814,0.0100995911886786,0.8193010839768144
HC,CovBat,T2w_CSA,188,0.0344567799290226,0.9661362937839366,0.000372367020114,-0.0156487137694776,4.997713538346105e-06,0.1279117761178295,0.9399123657372508
HC,CovBat,GM_CSA_mm2,188,0.0194882138889891,0.98070246678536,0.0002106390152519,-0.0158951678542713,3.692531601151572e-06,0.1098290148390387,0.8584939234860092
HC,CovBat,MTR,188,0.0390874015538033,0.9616745940463408,0.0004223880162572,-0.0155724958386188,1.3321430472057472e-06,0.0010930883286739,0.7713168250893622
HC,CovBat,MTsat,188,0.0143661391151173,0.9857376610438074,0.0001552854947253,-0.0159795291364267,1.201163167263708e-06,0.0054988782256634,0.7933877942942643
HC,CovBat,FA,188,0.0372404962502717,0.9634516232793844,0.0004024379379649,-0.0156028936904716,0.0003574034587273,0.0122585492570015,0.837696359929258
HC,CovBat,MD,188,0.0087149830705539,0.9913232892735792,9.420715737050792e-05,-0.0160726207185727,0.0221242706108023,0.0089296357785348,0.7162959010942435
HC,CovBat,AD,188,0.0209952215981361,0.9792259765274208,0.0002269238625011,-0.0158703498954968,0.0392787143539419,0.0062183668719721,0.5251350273574759
HC,CovBat,RD,188,0.0135180943077447,0.986573839223424,0.0001461202058488,-0.0159934979039882,0.0146145016579484,0.0097483480654606,0.8146865642828561
HC,RELIEF,T2w_CSA,188,0.1204023401046619,0.8866330790440535,0.0012999548378395,-0.0142359505643315,4.296084978294701e-05,0.1316630992492018,0.9429075478872014
HC,RELIEF,GM_CSA_mm2,188,0.050483362915537,0.9507828397589094,0.0005454683874267,-0.0153849721937798,2.2165349175429228e-05,0.1131718572978467,0.866251819761355
HC,RELIEF,MTR,188,0.0574342609352644,0.9442007868374932,0.0006205256378795,-0.0152706272736203,0.0001843085262723,0.0008968725942795,0.8039654838090604
HC,RELIEF,MTsat,188,0.02910137394726,0.97132243869784,0.0003145105001036,-0.0157368755894829,3.3932525769664323e-05,0.0057748769501961,0.7988046994646236
HC,RELIEF,FA,188,0.0205572798702371,0.9796548180192572,0.0002221914834348,-0.0158775619564048,0.0008878571256073,0.0137043075382732,0.8399899264088716
HC,RELIEF,MD,188,0.0072074288524379,0.9928187611381956,7.79120789910442e-05,-0.0160974575654181,0.0206702389555689,0.0088563681639326,0.7211093699463792
HC,RELIEF,AD,188,0.0328198423449354,0.9677185178549496,0.0003546832615806,-0.0156756597563222,0.0340330205660094,0.0055537473256671,0.5309763970931795
HC,RELIEF,RD,188,0.0049152250322751,0.9950969648657088,5.313474446539364e-05,-0.0161352237845169,0.0147425177152066,0.0101952759739196,0.8212660832598914
HC,LME,T2w_CSA,203,0.0471342086633019,0.9539699528593304,0.000471120027936,-0.0142828886802199,1.7189534479156166e-05,0.1024090788332331,0.9777952956914304
HC,LME,GM_CSA_mm2,203,0.0400094433246771,0.9607880540013451,0.0003999344217109,-0.0143912215786679,8.94448872301723e-07,0.0925665389315354,0.9148270770854674
HC,LME,MTR,194,0.034490256225248,0.9661037686573344,0.0003610241299529,-0.0151568635549816,0.0158409919357075,4.97823830547528e-06,0.9146799697745162
HC,LME,MTsat,190,0.0037345051829458,0.9962725337094556,3.993963666487418e-05,-0.0159819113949644,8.226931788146707e-06,0.00957266271406,0.8103998456903515
HC,LME,FA,198,0.0150267140870573,0.9850867641613488,0.0001540963951239,-0.0151499328031425,0.0002670185650729,0.0136175240710435,0.8497930347693851
HC,LME,MD,198,0.0194466454976773,0.980743122495773,0.0001994130008588,-0.0150809243248184,0.0101811384070725,0.0066376517209295,0.7843134806410648
HC,LME,AD,198,0.0464930696928119,0.954581754285378,0.0004766247174011,-0.0146588522349017,0.0196499655022753,0.0033837505657263,0.6038492360880403
HC,LME,RD,198,0.0345177464927007,0.9660770966021516,0.0003539028775681,-0.0148456894425017,0.0059591601100005,0.0076253530953765,0.8649949191088061
ALL,Original,T2w_CSA,267,5.844933146932036,0.0032822554798585,0.042402234260593,0.0516270083473376,0.0004185641908792,0.0856731387213811,1.0
ALL,Original,GM_CSA_mm2,267,27.060913871606544,2.0388272987571758e-11,0.1701292493104245,0.226496670282727,0.0027380323561831,0.0640659881953614,1.0
ALL,Original,MTR,254,27.54133601763569,1.5356409134682605e-11,0.1799601123088864,0.2386639034690818,0.0291661616642107,0.0012014643635683,1.0
ALL,Original,MTsat,249,69.33884935530658,1.3124598724158583e-24,0.3605036090614088,0.4515618405084061,0.0128450901298912,0.0060125291654744,1.0
ALL,Original,FA,260,50.90778465273152,2.373815567185085e-19,0.2837546026849986,0.3654254816372307,0.0039712718680129,0.0070791927761988,1.0
ALL,Original,MD,260,93.61024916771647,2.8839444660802806e-31,0.4214584852274462,0.5165765415848085,0.0008643687048512,0.0052818535464366,1.0
ALL,Original,AD,260,250.630610584396,4.1656678857166066e-61,0.6610666709239628,0.7422915006178724,0.000187641195863,0.0028128581348517,1.0
ALL,Original,RD,260,45.73271761321736,1.0206670372562568e-17,0.2624806536895115,0.3404332361096574,0.0031607641007039,0.0059341465872264,1.0
ALL,ComBat,T2w_CSA,267,0.0028505086956275,0.9971535808367772,2.159429652195361e-05,-0.0113308771879593,7.232416168856393e-05,0.0927494542896605,0.9732899449545356
ALL,ComBat,GM_CSA_mm2,267,0.0041148571522796,0.9958936611440442,3.117218850892359e-05,-0.0113163474737997,0.0002349825723698,0.0770967020020205,0.9109603486237206
ALL,ComBat,MTR,254,0.0748643586398085,0.9278900459860846,0.0005961731196937,-0.0110475128652784,0.0305606151758244,0.0033400952706337,0.8615420372432535
ALL,ComBat,MTsat,249,0.0054648750783914,0.99455015092392,4.442790475968982e-05,-0.0121276688869042,0.0032536816810259,0.006425848012513,0.7797055153828694
ALL,ComBat,FA,260,0.0218323245121168,0.9784060901263172,0.000169872496503,-0.0114153904783485,0.0146692624724432,0.0105320817083227,0.8252237830057966
ALL,ComBat,MD,260,0.0319484022545042,0.9685604022109888,0.0002485638991055,-0.0112960004892373,0.0152908686519918,0.0091013852358685,0.7345825015403131
ALL,ComBat,AD,260,0.0215276639462024,0.9787041669929212,0.0001675023969719,-0.0114189865208097,0.0136408939723305,0.008402720560252,0.5635676618007723
ALL,ComBat,RD,260,0.0320448249066667,0.96846703879703,0.000249313896393,-0.0112948626443293,0.0156916156172675,0.0084154628955129,0.8099192966638292
ALL,ComBat-joint,T2w_CSA,246,0.0022124484676051,0.997790017291515,1.8209120830149978e-05,-0.012318028376906,0.0003960204838574,0.1140809187940576,0.9742490216170804
ALL,ComBat-joint,GM_CSA_mm2,246,0.0099538009160388,0.990095977869882,8.191757633576581e-05,-0.0122212907504801,0.0001937636188124,0.0816645113737105,0.91588129967389
ALL,ComBat-joint,MTR,246,0.0426015261037186,0.9583003243525626,0.0003505069462789,-0.011813520986094,0.0003445877767875,0.0006197534543596,0.7995358062153064
ALL,ComBat-joint,MTsat,246,0.0619111449988346,0.939981225552281,0.0005092972331192,-0.0115724986217407,0.0001966471371513,0.0040203883967221,0.791924082440482
ALL,ComBat-joint,FA,246,0.0392444335486641,0.961521746496697,0.0003228951581159,-0.0118554358837728,0.0071177102140101,0.0102493313438053,0.8296552425871899
ALL,ComBat-joint,MD,246,0.0338807739071694,0.9666913177417118,0.0002787763682968,-0.0119224109331305,0.0384360749029651,0.0159980160196822,0.684233057925855
ALL,ComBat-joint,AD,246,0.0127071371215213,0.9873739137111454,0.000104574553731,-0.0121868889186408,0.0466192195404798,0.0159030941467552,0.5032583618160551
ALL,ComBat-joint,RD,246,0.0430342092785212,0.9578859196258104,0.0003540656160057,-0.0118081189834316,0.0307383740883806,0.0137148541508618,0.7972977028817531
ALL,CovBat,T2w_CSA,246,0.0129848241582915,0.9870997998171408,0.0001068595605406,-0.0121834194602761,0.0005346361374907,0.1211785095921926,0.9348134390836
ALL,CovBat,GM_CSA_mm2,246,0.0121681537758482,0.9879061807484254,0.0001001393848923,-0.0121936231153456,0.0001415336451119,0.0897716841234192,0.8557663794625965
ALL,CovBat,MTR,246,0.0105673401303549,0.989488752738418,8.696642902484986e-05,-0.0122136246215314,0.0001225772692476,0.0006058329042321,0.760579486343234
ALL,CovBat,MTsat,246,0.0525921990902059,0.9487776378365256,0.0004326703210414,-0.0116888032227602,0.0003803755851699,0.0040487463980284,0.7779978046345414
ALL,CovBat,FA,246,0.0484464133056904,0.9527175899190384,0.0003985769850233,-0.0117405530741683,0.0057455988614237,0.0110161290068655,0.8213270457589811
ALL,CovBat,MD,246,0.0511023450880685,0.950191627668218,0.0004204186066777,-0.0117073997448158,0.0399843873477077,0.0173258960771661,0.6774645878767894
ALL,CovBat,AD,246,0.0547188143282555,0.9467629854972706,0.0004501578783777,-0.0116622597610521,0.0528329911257857,0.0177353184632378,0.4846990159569261
ALL,CovBat,RD,246,0.0533871902195907,0.9480239963245596,0.0004392077543346,-0.0116788803354862,0.0306966319525892,0.0148947580251358,0.7900768624516119
ALL,RELIEF,T2w_CSA,246,0.0121576293251652,0.987916576932297,0.0001000527812389,-0.0121937546114344,0.0004325264544602,0.1245971290346164,0.9360822229606685
ALL,RELIEF,GM_CSA_mm2,246,0.0016336881981017,0.998367656509318,1.3445812607709663e-05,-0.0123252614341698,0.0002185406196856,0.0921071408105077,0.8592171379468658
ALL,RELIEF,MTR,246,0.0387539809033739,0.9619932916495008,0.0003188611009576,-0.0118615597091133,0.0003465527656992,0.0006232875572728,0.7935234463757505
ALL,RELIEF,MTsat,246,0.0441612713864485,0.956807317675706,0.0003633351937642,-0.0117940480056645,0.0002021877733728,0.0041336649483104,0.7811449968463222
ALL,RELIEF,FA,246,0.0358804024076362,0.96476077927934,0.0002952247705684,-0.0118974408966095,0.0071699712297728,0.0103245859482794,0.826475263918692
ALL,RELIEF,MD,246,0.0265464540696823,0.973805629359336,0.0002184416067457,-0.0120140076127041,0.0385538764669796,0.0160470478553461,0.6858577877864149
ALL,RELIEF,AD,246,0.0366259982545318,0.9640419401514873,0.000301357701464,-0.0118881307048274,0.0480204708156074,0.0163810993808891,0.4930129123422342
ALL,RELIEF,RD,246,0.0284227152133136,0.9719806411396316,0.000233877101161,-0.0119905738286606,0.0310359271032824,0.0138476164170062,0.8000932336096509
ALL,LME,T2w_CSA,267,0.0028260118115007,0.9971780077664556,2.140872204696328e-05,-0.0113311587068199,9.862386004533263e-07,0.0899512249551602,0.9788852289570692
ALL,LME,GM_CSA_mm2,267,0.0040610461854336,0.9959472509270368,3.0764554917850005e-05,-0.0113169658533358,0.0002167326020843,0.0788146305901014,0.911778066871576
ALL,LME,MTR,254,0.0739584225974171,0.9287305373367184,0.0005889630583159,-0.0110584507389986,0.0320866696445654,0.0014821351232873,0.9073379469271968
ALL,LME,MTsat,249,0.0053874625435294,0.9946271411556812,4.3798590083464665e-05,-0.0121286243286243,0.0029606093945555,0.0086760313326421,0.8035914840314707
ALL,LME,FA,260,0.0216741647657837,0.9785608206273766,0.0001686420979701,-0.0114172573041039,0.0106070886334533,0.0104707871528901,0.8433436680079377
ALL,LME,MD,260,0.0114585319143894,0.9886073720685894,8.916350374737735e-05,-0.011537851298618,0.0161349897256286,0.0104386159524346,0.7564797634633044
ALL,LME,AD,260,0.0131032641899827,0.986982869173862,0.0001019605305386,-0.0115184335416217,0.0104020425440609,0.0099869023154278,0.5778283344809685
ALL,LME,RD,260,0.0316150297285855,0.968883267599183,0.0002459708432145,-0.0112999345039627,0.0167557013206948,0.0089789681392277,0.8507154651711716
