cohort,method,biomarker,n,vendor_F,vendor_p,vendor_eta2,vendor_ICC,age_R2,sex_R2,r_pre_post
HC,Original,T2w_CSA,188,5.17360020494302,0.006512078939156265,0.05296825543532277,0.062441405462367296,0.00036525860123248766,0.12476726405254157,1.0
HC,Original,GM_CSA_mm2,188,19.770579697998638,1.6538971838690246e-08,0.17609760055733575,0.23049133579426906,0.002297160275179233,0.10172029988984765,1.0
HC,Original,MTR,188,23.886584517272382,5.916840318517024e-10,0.20523486118563375,0.26751273856403646,0.0036966043317340214,0.00012212830406821418,1.0
HC,Original,MTsat,188,46.663575472756236,3.908357474351807e-17,0.3353145772105536,0.42152195518945124,0.004893066616838082,0.0013954387300731952,1.0
HC,Original,FA,188,37.82377847388575,1.6920821867657166e-14,0.29022929596431996,0.3701237683866431,2.094605603042421e-05,0.00506320666704041,1.0
HC,Original,MD,188,80.2565507476423,8.042976057939701e-26,0.46456444285507087,0.5584466882277109,0.0003006783823755743,0.0017581696709113581,1.0
HC,Original,AD,188,216.19268211886273,3.862996945151743e-49,0.7003492296445732,0.7744662292610601,1.161492556356336e-06,9.695869680503844e-05,1.0
HC,Original,RD,188,38.28313421566292,1.2220085225750844e-14,0.2927222569275149,0.3730185941996643,0.000817054771371728,0.003591165537720431,1.0
HC,ComBat,T2w_CSA,188,0.051479463724936586,0.9498367569117435,0.000556225184332267,-0.015368584375025317,3.9342688767929346e-05,0.12189257632816031,0.9727834462635175
HC,ComBat,GM_CSA_mm2,188,0.047949242188752926,0.9531940091610983,0.0005181016173926537,-0.015426665852013174,1.4622810885267512e-05,0.10151191822631933,0.91548810900861
HC,ComBat,MTR,188,0.009621214761054184,0.9904254165873523,0.00010400231494535763,-0.016057691201243236,1.217753271554045e-07,0.0012661622924291516,0.7846260809167516
HC,ComBat,MTsat,188,0.004502207377624118,0.9955080214364094,4.867014329238837e-05,-0.01614202893828,9.415345402385977e-05,0.005433107663628367,0.7888047061805502
HC,ComBat,FA,188,0.012061725685169762,0.9880115022516779,0.00013038003326458657,-0.01601748771521908,0.0011090079554570975,0.013585162916509574,0.8263662573834398
HC,ComBat,MD,188,0.06101068442344376,0.9408321092347808,0.0006591402143549577,-0.015211803778649306,0.02087860738031766,0.008411392762292857,0.7069800256882119
HC,ComBat,AD,188,0.06822721041710045,0.9340717151556431,0.0007370478237852671,-0.01509313017429159,0.03461570334522934,0.005784542996427056,0.5213564138437207
HC,ComBat,RD,188,0.04791466176219845,0.9532269545144224,0.0005177281620802903,-0.015427234824312476,0.014095445781793448,0.00859867822439242,0.7992517331031872
HC,ComBat-joint,T2w_CSA,188,0.05628084330336083,0.945289803205302,0.0006080715732154422,-0.015289599650830099,3.9740518392727964e-05,0.12179367595853152,0.9746625773781193
HC,ComBat-joint,GM_CSA_mm2,188,0.10411667970145767,0.9011729129611622,0.0011243202077243933,-0.014503350480032701,1.9840767472412146e-05,0.1013030062060909,0.9199676035688241
HC,ComBat-joint,MTR,188,0.06337128451879012,0.9386152888556839,0.0006846259339885041,-0.015172981364791541,0.00018229946226999694,0.0008870961912004205,0.8161948065920964
HC,ComBat-joint,MTsat,188,0.049629713156750736,0.951594382470338,0.00053624972147993,-0.015399016833322949,3.2862554602330896e-05,0.005592781698231186,0.8105997955202697
HC,ComBat-joint,FA,188,0.03359071161730144,0.9669730883277747,0.00036301100345263997,-0.015662970130864276,0.0008786358693321228,0.01356197502977452,0.8455904720161788
HC,ComBat-joint,MD,188,0.012453195474673275,0.9876248525187955,0.00013461101770116077,-0.016011039177157304,0.02060576640134759,0.008828744260896415,0.7189886110027953
HC,ComBat-joint,AD,188,0.026249838908551423,0.974095320638056,0.00028370153285420767,-0.015783824403948418,0.033045538943617725,0.00539260313898382,0.5447982092399245
HC,ComBat-joint,RD,188,0.01799435096370645,0.9821682994551554,0.00019449568800038237,-0.015919770536724234,0.014604156120581413,0.01009959118867887,0.8193010839768144
HC,CovBat,T2w_CSA,188,0.03445677992902267,0.9661362937839347,0.00037236702011409964,-0.01564871376947763,4.997713538235082e-06,0.12791177611782956,0.9399123657372509
HC,CovBat,GM_CSA_mm2,188,0.019488213888989157,0.9807024667853614,0.00021063901525197572,-0.01589516785427131,3.692531600818505e-06,0.10982901483903862,0.8584939234860092
HC,CovBat,MTR,188,0.03908740155380339,0.9616745940463379,0.00042238801625727514,-0.015572495838618815,1.3321430476498364e-06,0.0010930883286737192,0.7713168250893622
HC,CovBat,MTsat,188,0.014366139115117355,0.9857376610438022,0.00015528549472538055,-0.015979529136426723,1.2011631674857526e-06,0.005498878225663639,0.7933877942942643
HC,CovBat,FA,188,0.03724049625027175,0.9634516232793862,0.00040243793796490405,-0.015602893690471674,0.00035740345872714574,0.012258549257001539,0.837696359929258
HC,CovBat,MD,188,0.008714983070553971,0.9913232892735697,9.420715737050793e-05,-0.016072620718572725,0.02212427061080191,0.00892963577853445,0.7162959010942435
HC,CovBat,AD,188,0.02099522159813611,0.9792259765274272,0.00022692386250114353,-0.0158703498954968,0.039278714353942146,0.006218366871972414,0.5251350273574759
HC,CovBat,RD,188,0.013518094307744767,0.9865738392234173,0.00014612020584888982,-0.015993497903988293,0.014614501657948642,0.009748348065460655,0.8146865642828561
HC,RELIEF,T2w_CSA,188,0.12040234010466198,0.8866330790440529,0.0012999548378395196,-0.01423595056433154,4.296084978294701e-05,0.1316630992492014,0.9429075478872014
HC,RELIEF,GM_CSA_mm2,188,0.05048336291553705,0.9507828397589181,0.0005454683874267581,-0.015384972193779883,2.2165349175207183e-05,0.11317185729784662,0.866251819761355
HC,RELIEF,MTR,188,0.05743426093526449,0.9442007868374964,0.0006205256378795838,-0.015270627273620385,0.00018430852627215888,0.0008968725942788414,0.8039654838090604
HC,RELIEF,MTsat,188,0.029101373947260076,0.9713224386978333,0.00031451050010363363,-0.015736875589482956,3.3932525769664323e-05,0.005774876950196184,0.7988046994646236
HC,RELIEF,FA,188,0.02055727987023716,0.9796548180192517,0.0002221914834348985,-0.015877561956404877,0.0008878571256074608,0.013704307538273341,0.8399899264088716
HC,RELIEF,MD,188,0.007207428852437983,0.9928187611382008,7.79120789910442e-05,-0.01609745756541818,0.020670238955568854,0.008856368163932649,0.7211093699463792
HC,RELIEF,AD,188,0.03281984234493545,0.9677185178549483,0.00035468326158065146,-0.015675659756322274,0.034033020566008876,0.005553747325666714,0.5309763970931795
HC,RELIEF,RD,188,0.004915225032275098,0.9950969648657134,5.313474446539364e-05,-0.01613522378451694,0.014742517715206405,0.010195275973919116,0.8212660832598914
HC,LME,T2w_CSA,188,0.38961145780865447,0.6778744197557586,0.004194349095599623,-0.009836048191078986,2.619700679717951e-07,0.12298709291710441,0.9860140945608228
HC,LME,GM_CSA_mm2,188,0.04708539232714839,0.9540173582927947,0.0005087722873988335,-0.015440879477914974,1.4362368064846365e-05,0.10334943406771047,0.9169238074003966
HC,LME,MTR,188,0.009358229519830806,0.9906858913809362,0.0001011598145196557,-0.0160620236493455,0.0053401650377118415,7.500929389681055e-05,0.8910473857411793
HC,LME,MTsat,188,0.004418343964646217,0.9955915076117665,4.77635992284938e-05,-0.016143410738820765,4.8711001496615225e-05,0.007912889698643788,0.8115801729906152
HC,LME,FA,188,0.011862209395270417,0.9882086208134232,0.0001282236581555448,-0.016020774305274262,0.0006805001032779145,0.014536292433454445,0.8381343104840966
HC,LME,MD,188,0.029724327511353423,0.9707177305779807,0.00032124085235724987,-0.01572661961021689,0.020941755642012838,0.010796427539176534,0.723001368358394
HC,LME,AD,188,0.04931245791556775,0.9518961672432271,0.0005328236008019318,-0.015404236561901354,0.03060641494921945,0.004587154175078378,0.5344058233557892
HC,LME,RD,188,0.04692083765387128,0.9541742794799807,0.0005069951245182962,-0.015443587075202917,0.014219599721541964,0.012716382084655975,0.8286033913631181
ALL,Original,T2w_CSA,246,5.600598162331722,0.004188755822105576,0.044064294293710914,0.053124323156612786,0.0018586876428936527,0.10519191551859242,1.0
ALL,Original,GM_CSA_mm2,246,24.419427039093605,2.169073211561764e-10,0.16734870424450965,0.2221547555025959,0.0021656006332053668,0.06903023828431432,1.0
ALL,Original,MTR,246,38.95236876548991,2.120618818366397e-15,0.24276593150470108,0.3163953255453242,0.0024773071397378166,5.139408650878252e-07,1.0
ALL,Original,MTsat,246,68.23393341310424,3.0296957856995104e-24,0.3596295727688294,0.4505271145469948,0.0054797882516270935,0.0035696970443444,1.0
ALL,Original,FA,246,54.988494692736566,1.9951488329645158e-20,0.31156985495553435,0.3970078116882058,0.0035472172928501244,0.007702977580240633,1.0
ALL,Original,MD,246,124.64569391286669,5.573914374230678e-38,0.5063899023843573,0.601255934710969,0.0032432302686441483,0.008078817809700878,1.0
ALL,Original,AD,246,339.1621329286894,4.7319735138813865e-71,0.736249213219337,0.8048372435934932,0.00013157285276255148,0.003730181593130877,1.0
ALL,Original,RD,246,57.1468110586062,4.5560940500579996e-21,0.31988710416923594,0.40642857137532434,0.007052999457286657,0.009822756268080601,1.0
ALL,ComBat,T2w_CSA,246,0.00446948010205239,0.9955405749983686,3.678449131276642e-05,-0.012289822108426858,0.0003891855819172507,0.11500021836540986,0.9731638802876815
ALL,ComBat,GM_CSA_mm2,246,0.002540242665909365,0.9974630075073938,2.09069099365093e-05,-0.012313931814309995,0.0001936748581203851,0.08195891900995722,0.9129522457064125
ALL,ComBat,MTR,246,0.002552352595755801,0.9974509286266251,2.1006575963508473e-05,-0.012313780472773971,0.0001924464081656252,0.0006898380824112982,0.7757217371614064
ALL,ComBat,MTsat,246,6.37767863358788e-05,0.9999362252640976,5.249115461622356e-07,-0.012344881924651448,0.0001479172125433692,0.003703431332164109,0.7750168233834909
ALL,ComBat,FA,246,0.013478997353899912,0.9866121751547023,0.00011092594389625869,-0.012177245254191869,0.007247540586264423,0.010009484619008635,0.8151682387804254
ALL,ComBat,MD,246,0.0746410154995311,0.9280978612691819,0.0006139521768360953,-0.011413667367624369,0.03828335842287278,0.015650898008084613,0.6748997798919488
ALL,ComBat,AD,246,0.08069281214502119,0.9225017293761889,0.0006636975845309008,-0.011338176278105058,0.04799418952178691,0.01605868898234475,0.4865584438704123
ALL,ComBat,RD,246,0.0583670556925563,0.9433168593189696,0.0004801566285092978,-0.011616727285666607,0.02898344838166611,0.012687031407578875,0.7804324393335299
ALL,ComBat-joint,T2w_CSA,246,0.0022124484676051665,0.997790017291517,1.8209120830149978e-05,-0.012318028376906036,0.00039602048385756206,0.1140809187940579,0.9742490216170803
ALL,ComBat-joint,GM_CSA_mm2,246,0.009953800916038815,0.9900959778698757,8.191757633576581e-05,-0.012221290750480134,0.00019376361881262572,0.08166451137371078,0.9158812996738901
ALL,ComBat-joint,MTR,246,0.042601526103718666,0.9583003243525671,0.00035050694627897884,-0.011813520986094034,0.00034458777678769703,0.0006197534543599392,0.7995358062153064
ALL,ComBat-joint,MTsat,246,0.061911144998834704,0.9399812255522777,0.0005092972331192314,-0.011572498621740701,0.0001966471371513956,0.004020388396722252,0.791924082440482
ALL,ComBat-joint,FA,246,0.03924443354866413,0.9615217464966908,0.00032289515811595616,-0.011855435883772891,0.007117710214010198,0.010249331343805568,0.8296552425871899
ALL,ComBat-joint,MD,246,0.03388077390716946,0.9666913177417171,0.00027877636829683834,-0.01192241093313056,0.038436074902964634,0.01599801601968165,0.684233057925855
ALL,ComBat-joint,AD,246,0.012707137121521342,0.9873739137111512,0.00010457455373108931,-0.012186888918640804,0.046619219540479984,0.015903094146754837,0.5032583618160551
ALL,ComBat-joint,RD,246,0.043034209278521245,0.9578859196258003,0.0003540656160057848,-0.011808118983431617,0.03073837408838065,0.013714854150861933,0.7972977028817531
ALL,CovBat,T2w_CSA,246,0.012984824158291601,0.9870997998171455,0.00010685956054064389,-0.012183419460276174,0.0005346361374906072,0.12117850959219267,0.9348134390835999
ALL,CovBat,GM_CSA_mm2,246,0.01216815377584821,0.9879061807484241,0.00010013938489230596,-0.012193623115345657,0.0001415336451118243,0.08977168412341896,0.8557663794625965
ALL,CovBat,MTR,246,0.01056734013035497,0.9894887527384163,8.696642902484986e-05,-0.012213624621531421,0.0001225772692472482,0.0006058329042313293,0.760579486343234
ALL,CovBat,MTsat,246,0.05259219909020591,0.9487776378365195,0.00043267032104148535,-0.011688803222760214,0.0003803755851699009,0.0040487463980284355,0.7779978046345414
ALL,CovBat,FA,246,0.048446413305690425,0.9527175899190456,0.00039857698502338836,-0.011740553074168386,0.005745598861423895,0.01101612900686555,0.8213270457589811
ALL,CovBat,MD,246,0.051102345088068546,0.950191627668215,0.00042041860667778146,-0.011707399744815878,0.03998438734770793,0.01732589607716639,0.6774645878767894
ALL,CovBat,AD,246,0.05471881432825558,0.9467629854972657,0.00045015787837774214,-0.011662259761052174,0.05283299112578599,0.017735318463237504,0.4846990159569261
ALL,CovBat,RD,246,0.053387190219590736,0.9480239963245618,0.0004392077543346751,-0.01167888033548627,0.030696631952589204,0.014894758025135957,0.7900768624516119
ALL,RELIEF,T2w_CSA,246,0.012157629325165282,0.9879165769322883,0.00010005278123898051,-0.012193754611434428,0.00043252645446012483,0.12459712903461684,0.9360822229606685
ALL,RELIEF,GM_CSA_mm2,246,0.0016336881981017372,0.9983676565093109,1.3445812607709663e-05,-0.012325261434169805,0.00021854061968551441,0.09210714081050742,0.8592171379468658
ALL,RELIEF,MTR,246,0.03875398090337395,0.9619932916495035,0.0003188611009576459,-0.011861559709113302,0.00034655276569883764,0.0006232875572728114,0.7935234463757505
ALL,RELIEF,MTsat,246,0.04416127138644852,0.9568073176757028,0.0003633351937642157,-0.011794048005664554,0.00020218777337333016,0.0041336649483108,0.7811449968463222
ALL,RELIEF,FA,246,0.0358804024076362,0.9647607792793494,0.000295224770568453,-0.011897440896609542,0.00716997122977292,0.010324585948279341,0.826475263918692
ALL,RELIEF,MD,246,0.026546454069682313,0.973805629359346,0.00021844160674570114,-0.012014007612704115,0.038553876466979387,0.01604704785534594,0.6858577877864149
ALL,RELIEF,AD,246,0.03662599825453184,0.9640419401514924,0.00030135770146408455,-0.011888130704827424,0.04802047081560701,0.01638109938088872,0.49301291234223427
ALL,RELIEF,RD,246,0.02842271521331367,0.9719806411396296,0.00023387710116109725,-0.01199057382866061,0.0310359271032824,0.01384761641700627,0.8000932336096509
ALL,LME,T2w_CSA,246,0.004438302132339947,0.9955716132783292,3.6527901320808093e-05,-0.012290211730799108,0.0005456726379078347,0.11002529909347292,0.9785744630501293
ALL,LME,GM_CSA_mm2,246,0.0025057855619306257,0.9974973770723901,2.0623324150631815e-05,-0.012314362435635494,0.0001924973588397494,0.08320863288992408,0.9133553636935936
ALL,LME,MTR,246,0.0025163205392627185,0.9974868687326633,2.0710028199112428e-05,-0.01231423077665321,0.00156028568790334,1.6307986466457258e-05,0.8708021960705189
ALL,LME,MTsat,246,0.018597767227701137,0.9815755011151792,0.0001530446167863689,-0.012113295710102726,0.00016126969838092808,0.005707490939976911,0.8072639254032101
ALL,LME,FA,246,0.04311741173182853,0.9578062527261639,0.00035474992455367083,-0.011807080216408992,0.006738913222217091,0.010559511903205254,0.836004353611099
ALL,LME,MD,246,0.035056959368335666,0.9655552999649231,0.00028845141677971784,-0.01190772335873716,0.04003498890407342,0.017170141531120064,0.6904316992589191
ALL,LME,AD,246,0.056846079302497944,0.9447520326901572,0.00046765016645310175,-0.011635709583059265,0.04417531110568085,0.015983731471758023,0.49615460458406624
ALL,LME,RD,246,0.05736740192605826,0.9442598717030448,0.0004719368570756635,-0.011629203220971433,0.0314081663415251,0.014611383544849588,0.8133519240249804
