fold,method,vendor,biomarker,mean_deviation,r_pre_post,n
GE,Original,GE,T2w_CSA,-2.1437856578451004,1.0,25
GE,Original,GE,GM_CSA_mm2,-0.5449503404255331,1.0,25
GE,Original,GE,MTR,3.311210994255319,1.0,25
GE,Original,GE,MTsat,1.0289080632292222,1.0,25
GE,Original,GE,FA,-0.019071677761702155,1.0,25
GE,Original,GE,MD,-0.0003509106864340426,1.0,25
GE,Original,GE,AD,-0.000642111859761702,1.0,25
GE,Original,GE,RD,-0.00020531010362553204,1.0,25
GE,Original,Philips,T2w_CSA,-2.660653542704125,1.0,33
GE,Original,Philips,GM_CSA_mm2,-0.8574526434558383,1.0,33
GE,Original,Philips,MTR,-5.302930118471963,1.0,33
GE,Original,Philips,MTsat,0.5308915956769784,1.0,33
GE,Original,Philips,FA,0.0791020536686009,1.0,33
GE,Original,Philips,MD,-6.65177160219211e-05,1.0,33
GE,Original,Philips,AD,5.989760336557099e-05,1.0,33
GE,Original,Philips,RD,-0.0001297253667891684,1.0,33
GE,Original,Siemens,T2w_CSA,1.0876631411951223,1.0,130
GE,Original,Siemens,GM_CSA_mm2,0.32245919803600565,1.0,130
GE,Original,Siemens,MTR,0.7093570696399283,1.0,130
GE,Original,Siemens,MTsat,-0.332631724908238,1.0,130
GE,Original,Siemens,FA,-0.016412121746317676,1.0,130
GE,Original,Siemens,MD,8.436809068903422e-05,1.0,130
GE,Original,Siemens,AD,0.00010827827371522069,1.0,130
GE,Original,Siemens,RD,7.241299765139108e-05,1.0,130
GE,ComBat,GE,T2w_CSA,0.0,1.0,25
GE,ComBat,GE,GM_CSA_mm2,0.0,1.0,25
GE,ComBat,GE,MTR,1.4210854715202004e-14,1.0,25
GE,ComBat,GE,MTsat,-4.440892098500626e-16,0.9999999999999999,25
GE,ComBat,GE,FA,-2.220446049250313e-16,1.0,25
GE,ComBat,GE,MD,0.0,1.0,25
GE,ComBat,GE,AD,-4.336808689942018e-19,1.0,25
GE,ComBat,GE,RD,-1.0842021724855044e-19,1.0,25
GE,ComBat,Philips,T2w_CSA,-0.30550054483651934,0.9969101094289864,33
GE,ComBat,Philips,GM_CSA_mm2,-0.048777251912863306,0.9994809033247214,33
GE,ComBat,Philips,MTR,-0.026014623760673317,0.9999125266877887,33
GE,ComBat,Philips,MTsat,-0.011243512266652989,0.9993048903686558,33
GE,ComBat,Philips,FA,-0.0012147356795734199,0.9995765547613977,33
GE,ComBat,Philips,MD,6.2639353714455046e-06,0.9980198837292644,33
GE,ComBat,Philips,AD,6.375777301966153e-06,0.9996915176339592,33
GE,ComBat,Philips,RD,6.208015340704244e-06,0.9942206127641434,33
GE,ComBat,Siemens,T2w_CSA,0.07755013830463042,0.9998789020128993,130
GE,ComBat,Siemens,GM_CSA_mm2,0.012381917793270247,0.9999598163820445,130
GE,ComBat,Siemens,MTR,0.006603712185402344,0.9999826645314019,130
GE,ComBat,Siemens,MTsat,0.002854122344611909,0.9998165289237393,130
GE,ComBat,Siemens,FA,0.000308355980199293,0.9999822453022353,130
GE,ComBat,Siemens,MD,-1.5900759019822804e-06,0.9999292468935702,130
GE,ComBat,Siemens,AD,-1.6184665458840626e-06,0.999963417273096,130
GE,ComBat,Siemens,RD,-1.5758808172558003e-06,0.9999047168513581,130
GE,ComBat-joint,GE,T2w_CSA,0.0,0.9999999999999997,25
GE,ComBat-joint,GE,GM_CSA_mm2,0.0,1.0,25
GE,ComBat-joint,GE,MTR,-7.105427357601002e-15,1.0,25
GE,ComBat-joint,GE,MTsat,4.440892098500626e-16,0.9999999999999999,25
GE,ComBat-joint,GE,FA,1.1102230246251565e-16,1.0,25
GE,ComBat-joint,GE,MD,2.168404344971009e-19,1.0,25
GE,ComBat-joint,GE,AD,-4.336808689942018e-19,1.0,25
GE,ComBat-joint,GE,RD,-1.0842021724855044e-19,1.0,25
GE,ComBat-joint,Philips,T2w_CSA,-0.33930002952367033,0.9980958298065897,33
GE,ComBat-joint,Philips,GM_CSA_mm2,-0.08019676963264821,0.9996840654850744,33
GE,ComBat-joint,Philips,MTR,-0.2364950211648562,0.9999427438930727,33
GE,ComBat-joint,Philips,MTsat,0.04219734749923232,0.9995378388401254,33
GE,ComBat-joint,Philips,FA,0.0033200854971382476,0.999738154396532,33
GE,ComBat-joint,Philips,MD,2.6315395989010525e-06,0.9988140505219085,33
GE,ComBat-joint,Philips,AD,6.374364356667196e-06,0.9998109416678096,33
GE,ComBat-joint,Philips,RD,1.1951267539766228e-06,0.9967820594612358,33
GE,ComBat-joint,Siemens,T2w_CSA,0.08613000749446087,0.999962437394091,130
GE,ComBat-joint,Siemens,GM_CSA_mm2,0.020357641522133818,0.9999761722728874,130
GE,ComBat-joint,Siemens,MTR,0.06003335152644951,0.9999926928289681,130
GE,ComBat-joint,Siemens,MTsat,-0.010711634365189404,0.9999252300921855,130
GE,ComBat-joint,Siemens,FA,-0.0008427909338889483,0.999994227006542,130
GE,ComBat-joint,Siemens,MD,-6.680062058746824e-07,0.9999764273699752,130
GE,ComBat-joint,Siemens,AD,-1.6181078751542274e-06,0.9999803472828447,130
GE,ComBat-joint,Siemens,RD,-3.033783298557252e-07,0.9999662970442009,130
GE,CovBat,GE,T2w_CSA,-0.12970087501763317,0.6558986265588171,25
GE,CovBat,GE,GM_CSA_mm2,-0.027742198327505463,0.9049572366701568,25
GE,CovBat,GE,MTR,-0.025937693507714243,0.9783293023061085,25
GE,CovBat,GE,MTsat,-0.003505540951778574,0.6962385040864482,25
GE,CovBat,GE,FA,-0.0009580696214194218,0.6089099868587378,25
GE,CovBat,GE,MD,8.2284472728727e-06,0.9955120982070707,25
GE,CovBat,GE,AD,1.0043653783041537e-05,0.9904165519778576,25
GE,CovBat,GE,RD,7.635761402516317e-06,0.9809943638928521,25
GE,CovBat,Philips,T2w_CSA,-0.6271904950855856,0.9517471483071271,33
GE,CovBat,Philips,GM_CSA_mm2,-0.0673966488297939,0.9455745788578964,33
GE,CovBat,Philips,MTR,-0.24669577927372188,0.9748318996883327,33
GE,CovBat,Philips,MTsat,-0.015996110912502637,0.9758986270481357,33
GE,CovBat,Philips,FA,-0.0017330047245212032,0.9869322273725146,33
GE,CovBat,Philips,MD,7.244346336531069e-06,0.9970907428192357,33
GE,CovBat,Philips,AD,7.5701021034846674e-06,0.9939949683332444,33
GE,CovBat,Philips,RD,7.2757128881967715e-06,0.9852947946406742,33
GE,CovBat,Siemens,T2w_CSA,0.18415237087126002,0.973003110689581,130
GE,CovBat,Siemens,GM_CSA_mm2,0.022443418227469536,0.9614806082835358,130
GE,CovBat,Siemens,MTR,0.06761079272096282,0.9825923321489852,130
GE,CovBat,Siemens,MTsat,0.004734693722362682,0.9810161447226943,130
GE,CovBat,Siemens,FA,0.0006241607418823181,0.9945373073272409,130
GE,CovBat,Siemens,MD,-3.421343160979213e-06,0.9989314148394501,130
GE,CovBat,Siemens,AD,-3.853113184546213e-06,0.9981634154165017,130
GE,CovBat,Siemens,RD,-3.315327387487608e-06,0.9966840483187058,130
GE,RELIEF,GE,T2w_CSA,-2.3494599318087808,0.7455733425348251,25
GE,RELIEF,GE,GM_CSA_mm2,-0.5199182682706294,0.8273140860048334,25
GE,RELIEF,GE,MTR,3.3701315907715923,0.9972799566060344,25
GE,RELIEF,GE,MTsat,1.0181881699070159,0.8594990705202468,25
GE,RELIEF,GE,FA,-0.030854306538788623,0.9787791836109165,25
GE,RELIEF,GE,MD,-0.0003785209956459711,0.9993353922419161,25
GE,RELIEF,GE,AD,-0.0006208329012269637,0.9981430125758702,25
GE,RELIEF,GE,RD,-0.00023295450923098226,0.9932284498704705,25
GE,RELIEF,Philips,T2w_CSA,-0.22906309568098493,0.9539033666651636,33
GE,RELIEF,Philips,GM_CSA_mm2,0.04277128201809255,0.9512190083500691,33
GE,RELIEF,Philips,MTR,-0.6539252156240849,0.9780347057858486,33
GE,RELIEF,Philips,MTsat,-0.13505492693334276,0.9770274056930992,33
GE,RELIEF,Philips,FA,0.006764567774159347,0.9928264314319959,33
GE,RELIEF,Philips,MD,5.96969252104531e-05,0.9977664456379314,33
GE,RELIEF,Philips,AD,0.00010221605563166857,0.9976791617966542,33
GE,RELIEF,Philips,RD,3.455616185774318e-05,0.9898992942814581,33
GE,RELIEF,Siemens,T2w_CSA,0.509966003482262,0.9730512775901341,130
GE,RELIEF,Siemens,GM_CSA_mm2,0.08912695692437467,0.9617481256996933,130
GE,RELIEF,Siemens,MTR,-0.48210582810533964,0.9827048691994673,130
GE,RELIEF,Siemens,MTsat,-0.16152224352980804,0.9811081534659339,130
GE,RELIEF,Siemens,FA,0.004216360976326605,0.9946718067013505,130
GE,RELIEF,Siemens,MD,5.7638664301571914e-05,0.9989629835795918,130
GE,RELIEF,Siemens,AD,9.344378996022345e-05,0.9982272716414693,130
GE,RELIEF,Siemens,RD,3.6026995303607744e-05,0.9967427561487341,130
GE,LME,GE,T2w_CSA,-1.408782255339247,0.9999999999999998,25
GE,LME,GE,GM_CSA_mm2,-0.5449503404255314,1.0,25
GE,LME,GE,MTR,4.83147834052064,0.9999999999999998,25
GE,LME,GE,MTsat,1.0289080632292222,0.9999999999999999,25
GE,LME,GE,FA,-0.04373746898685382,1.0,25
GE,LME,GE,MD,-0.00031162383496855905,1.0,25
GE,LME,GE,AD,-0.000642111859761702,1.0,25
GE,LME,GE,RD,-0.00020531010362553182,1.0,25
GE,LME,Philips,T2w_CSA,-0.5011074631756429,1.0,33
GE,LME,Philips,GM_CSA_mm2,0.034804088643195286,1.0,33
GE,LME,Philips,MTR,-0.8361652351238504,0.9999999999999998,33
GE,LME,Philips,MTsat,-0.16905149742450964,0.9999999999999999,33
GE,LME,Philips,FA,0.006630399038037971,1.0,33
GE,LME,Philips,MD,4.891272385089754e-05,1.0,33
GE,LME,Philips,AD,0.00010485919137584693,0.9999999999999999,33
GE,LME,Philips,RD,3.76972950378719e-05,1.0,33
GE,LME,Siemens,T2w_CSA,0.3981238666790574,0.9999999999999999,130
GE,LME,Siemens,GM_CSA_mm2,0.09596325834932884,1.0,130
GE,LME,Siemens,MTR,-0.716873121184058,1.0,130
GE,LME,Siemens,MTsat,-0.15495386281324475,0.9999999999999999,130
GE,LME,Siemens,FA,0.006727950433969898,0.9999999999999998,130
GE,LME,Siemens,MD,4.751135374718722e-05,1.0,130
GE,LME,Siemens,AD,9.686494752799714e-05,1.0,130
GE,LME,Siemens,RD,2.991339887991175e-05,0.9999999999999998,130
Philips,Original,GE,T2w_CSA,-2.1437856578451004,1.0,25
Philips,Original,GE,GM_CSA_mm2,-0.5449503404255331,1.0,25
Philips,Original,GE,MTR,3.311210994255333,1.0,25
Philips,Original,GE,MTsat,1.0289080632292222,1.0,25
Philips,Original,GE,FA,-0.019071677761702044,1.0,25
Philips,Original,GE,MD,-0.0003509106864340426,1.0,25
Philips,Original,GE,AD,-0.000642111859761702,1.0,25
Philips,Original,GE,RD,-0.00020531010362553204,1.0,25
Philips,Original,Philips,T2w_CSA,-2.660653542704125,1.0,33
Philips,Original,Philips,GM_CSA_mm2,-0.8574526434558383,1.0,33
Philips,Original,Philips,MTR,-5.302930118471949,1.0,33
Philips,Original,Philips,MTsat,0.5308915956769784,1.0,33
Philips,Original,Philips,FA,0.07910205366860101,1.0,33
Philips,Original,Philips,MD,-6.65177160219211e-05,1.0,33
Philips,Original,Philips,AD,5.989760336557099e-05,1.0,33
Philips,Original,Philips,RD,-0.0001297253667891684,1.0,33
Philips,Original,Siemens,T2w_CSA,1.0876631411951223,1.0,130
Philips,Original,Siemens,GM_CSA_mm2,0.32245919803600565,1.0,130
Philips,Original,Siemens,MTR,0.7093570696399425,1.0,130
Philips,Original,Siemens,MTsat,-0.332631724908238,1.0,130
Philips,Original,Siemens,FA,-0.016412121746317565,1.0,130
Philips,Original,Siemens,MD,8.436809068903422e-05,1.0,130
Philips,Original,Siemens,AD,0.00010827827371522069,1.0,130
Philips,Original,Siemens,RD,7.241299765139108e-05,1.0,130
Philips,ComBat,GE,T2w_CSA,-0.2646427420660018,0.996750611297775,25
Philips,ComBat,GE,GM_CSA_mm2,-0.029726388957319827,0.9999996271069285,25
Philips,ComBat,GE,MTR,0.11275223030758497,0.9995227817173854,25
Philips,ComBat,GE,MTsat,-0.005905691841282312,0.9999506377348827,25
Philips,ComBat,GE,FA,-0.0006593910546494053,0.9972502162916754,25
Philips,ComBat,GE,MD,9.074743615724093e-06,0.9986042827876832,25
Philips,ComBat,GE,AD,1.1364091832009697e-05,0.9980826976195609,25
Philips,ComBat,GE,RD,7.930067661711588e-06,0.9863816753459587,25
Philips,ComBat,Philips,T2w_CSA,1.4210854715202004e-14,1.0,33
Philips,ComBat,Philips,GM_CSA_mm2,0.0,0.9999999999999999,33
Philips,ComBat,Philips,MTR,7.105427357601002e-15,0.9999999999999999,33
Philips,ComBat,Philips,MTsat,4.440892098500626e-16,0.9999999999999999,33
Philips,ComBat,Philips,FA,1.1102230246251565e-16,1.0,33
Philips,ComBat,Philips,MD,-2.168404344971009e-19,1.0,33
Philips,ComBat,Philips,AD,-2.168404344971009e-19,1.0,33
Philips,ComBat,Philips,RD,-1.0842021724855044e-19,0.9999999999999997,33
Philips,ComBat,Siemens,T2w_CSA,0.050892835012703586,0.9999223402476793,130
Philips,ComBat,Siemens,GM_CSA_mm2,0.0057166132610202425,0.9999974873269619,130
Philips,ComBat,Siemens,MTR,-0.021683121213001755,0.9989801623432087,130
Philips,ComBat,Siemens,MTsat,0.0011357099694770945,0.9999980861312696,130
Philips,ComBat,Siemens,FA,0.00012680597204806077,0.999977212063249,130
Philips,ComBat,Siemens,MD,-1.7451430030239641e-06,0.9999672227542755,130
Philips,ComBat,Siemens,AD,-2.185402275386647e-06,0.9997608929840214,130
Philips,ComBat,Siemens,RD,-1.5250130118676757e-06,0.9999345003678705,130
Philips,ComBat-joint,GE,T2w_CSA,-0.20715470025368177,0.9977605077403463,25
Philips,ComBat-joint,GE,GM_CSA_mm2,-0.027763284737167382,0.9999990198647261,25
Philips,ComBat-joint,GE,MTR,0.2822458780255701,0.9996344147296079,25
Philips,ComBat-joint,GE,MTsat,0.026705111508485757,0.9999646508962073,25
Philips,ComBat-joint,GE,FA,0.00015426393377027114,0.9982157330246297,25
Philips,ComBat-joint,GE,MD,4.5417837731172046e-06,0.9990395534161391,25
Philips,ComBat-joint,GE,AD,-6.126334695002577e-07,0.9985899806326597,25
Philips,ComBat-joint,GE,RD,6.347803366710475e-06,0.9916233808242754,25
Philips,ComBat-joint,Philips,T2w_CSA,-1.4210854715202004e-14,0.9999999999999999,33
Philips,ComBat-joint,Philips,GM_CSA_mm2,0.0,1.0,33
Philips,ComBat-joint,Philips,MTR,0.0,0.9999999999999999,33
Philips,ComBat-joint,Philips,MTsat,-1.3322676295501878e-15,0.9999999999999999,33
Philips,ComBat-joint,Philips,FA,-2.220446049250313e-16,1.0,33
Philips,ComBat-joint,Philips,MD,-4.336808689942018e-19,1.0,33
Philips,ComBat-joint,Philips,AD,4.336808689942018e-19,1.0,33
Philips,ComBat-joint,Philips,RD,-1.0842021724855044e-19,0.9999999999999999,33
Philips,ComBat-joint,Siemens,T2w_CSA,0.0398374423564718,0.9999664718152818,130
Philips,ComBat-joint,Siemens,GM_CSA_mm2,0.005339093218683644,0.9999999804757218,130
Philips,ComBat-joint,Siemens,MTR,-0.05427805346646153,0.9993860575754275,130
Philips,ComBat-joint,Siemens,MTsat,-0.00513559836701738,0.9999992897525632,130
Philips,ComBat-joint,Siemens,FA,-2.966614110977428e-05,0.9999884243201109,130
Philips,ComBat-joint,Siemens,MD,-8.734199563687015e-07,0.9999851862785676,130
Philips,ComBat-joint,Siemens,AD,1.178141287503081e-07,0.9998260717032207,130
Philips,ComBat-joint,Siemens,RD,-1.2207314166751831e-06,0.9999653043981498,130
Philips,CovBat,GE,T2w_CSA,-0.21766692390387732,0.9262950329797142,25
Philips,CovBat,GE,GM_CSA_mm2,-0.020741677009677773,0.9296524934291746,25
Philips,CovBat,GE,MTR,0.276813437398701,0.9936925952383902,25
Philips,CovBat,GE,MTsat,0.026978855019819115,0.9684719525497212,25
Philips,CovBat,GE,FA,-3.0082038737666572e-05,0.9434018344117472,25
Philips,CovBat,GE,MD,3.6544545002224673e-06,0.9704895036603486,25
Philips,CovBat,GE,AD,5.971858294396724e-06,0.9779791632671289,25
Philips,CovBat,GE,RD,2.8062835619399335e-06,0.9842908183085854,25
Philips,CovBat,Philips,T2w_CSA,-0.30969923463095483,0.8780978898454773,33
Philips,CovBat,Philips,GM_CSA_mm2,-0.03613151118905655,0.9352697335723551,33
Philips,CovBat,Philips,MTR,-0.020730907728086834,0.9754863635489229,33
Philips,CovBat,Philips,MTsat,-0.005523179266458289,0.9941607675525495,33
Philips,CovBat,Philips,FA,-0.0007895384036659125,0.9661909909345769,33
Philips,CovBat,Philips,MD,5.020215417350085e-06,0.9684219237345713,33
Philips,CovBat,Philips,AD,6.044913397545721e-06,0.8988657971667712,33
Philips,CovBat,Philips,RD,4.4395774240823605e-06,0.9755315899227062,33
Philips,CovBat,Siemens,T2w_CSA,0.12047498338782248,0.9593079141837043,130
Philips,CovBat,Siemens,GM_CSA_mm2,0.013160629188314843,0.953737051917844,130
Philips,CovBat,Siemens,MTR,-0.04797089215340833,0.9976475023826199,130
Philips,CovBat,Siemens,MTsat,-0.0037862035361722057,0.9920537942801645,130
Philips,CovBat,Siemens,FA,0.00020620629453382833,0.9974133533107891,130
Philips,CovBat,Siemens,MD,-1.9771420867542664e-06,0.9983303649473627,130
Philips,CovBat,Siemens,AD,-2.682912303684148e-06,0.9881130796862597,130
Philips,CovBat,Siemens,RD,-1.6666395695629941e-06,0.9967302084914721,130
Philips,RELIEF,GE,T2w_CSA,0.9922302114837862,0.9331049607715092,25
Philips,RELIEF,GE,GM_CSA_mm2,0.05918808220973659,0.9269391248225408,25
Philips,RELIEF,GE,MTR,1.3350599369126712,0.9988758582194922,25
Philips,RELIEF,GE,MTsat,-0.06477896733437083,0.9879295093751841,25
Philips,RELIEF,GE,FA,-0.017115930227567078,0.9954526332753995,25
Philips,RELIEF,GE,MD,1.7924795818876618e-05,0.9972571141090524,25
Philips,RELIEF,GE,AD,-1.8253742760203362e-07,0.9887389349999036,25
Philips,RELIEF,GE,RD,3.002568518773851e-05,0.9929391591979901,25
Philips,RELIEF,Philips,T2w_CSA,-5.7590925880382144,0.8889822528241792,33
Philips,RELIEF,Philips,GM_CSA_mm2,-0.38558427471447665,0.9474767066132394,33
Philips,RELIEF,Philips,MTR,-4.941791006498931,0.9981505585329559,33
Philips,RELIEF,Philips,MTsat,0.4252247802813889,0.9952343255635971,33
Philips,RELIEF,Philips,FA,0.0784677980510663,0.992501115966387,33
Philips,RELIEF,Philips,MD,-6.732042028133301e-05,0.9976299874415886,33
Philips,RELIEF,Philips,AD,2.634376132711492e-05,0.9853043521877728,33
Philips,RELIEF,Philips,RD,-0.00012678703962473313,0.9749975237209926,33
Philips,RELIEF,Siemens,T2w_CSA,1.2711100009089904,0.9594070435631994,130
Philips,RELIEF,Siemens,GM_CSA_mm2,0.08649676161795306,0.9535988367348803,130
Philips,RELIEF,Siemens,MTR,0.9977123445511467,0.9983258406996697,130
Philips,RELIEF,Siemens,MTsat,-0.09548418127635827,0.9928529944630096,130
Philips,RELIEF,Siemens,FA,-0.016627223692276982,0.9988101455051448,130
Philips,RELIEF,Siemens,MD,1.3641953644708124e-05,0.9993793951535692,130
Philips,RELIEF,Siemens,AD,-6.652159139267739e-06,0.9868316196254591,130
Philips,RELIEF,Siemens,RD,2.641023213786702e-05,0.996931010955143,130
Philips,LME,GE,T2w_CSA,0.3018189799290383,0.9999999999999998,25
Philips,LME,GE,GM_CSA_mm2,0.1528280448106898,0.9999999999999999,25
Philips,LME,GE,MTR,1.2417631587564202,1.0,25
Philips,LME,GE,MTsat,-0.02635642526655335,0.9999999999999999,25
Philips,LME,GE,FA,-0.019070554196235934,1.0,25
Philips,LME,GE,MD,-5.638699074507676e-06,1.0,25
Philips,LME,GE,AD,-4.809674511950697e-05,1.0,25
Philips,LME,GE,RD,1.4065334224351166e-05,1.0,25
Philips,LME,Philips,T2w_CSA,-2.660653542704125,1.0,33
Philips,LME,Philips,GM_CSA_mm2,-0.8574526434558365,0.9999999999999999,33
Philips,LME,Philips,MTR,-5.302930118471963,0.9999999999999999,33
Philips,LME,Philips,MTsat,0.15272514075504873,0.9999999999999999,33
Philips,LME,Philips,FA,0.07910245631151547,1.0,33
Philips,LME,Philips,MD,5.721456613777163e-05,1.0,33
Philips,LME,Philips,AD,0.00027276991407345816,1.0,33
Philips,LME,Philips,RD,-5.110959554607494e-05,0.9999999999999999,33
Philips,LME,Siemens,T2w_CSA,0.6173545570077863,0.9999999999999999,130
Philips,LME,Siemens,GM_CSA_mm2,0.18827104702904052,1.0,130
Philips,LME,Siemens,MTR,1.107327807235869,1.0,130
Philips,LME,Siemens,MTsat,-0.03370014625579021,0.9999999999999998,130
Philips,LME,Siemens,FA,-0.016412440025954544,0.9999999999999998,130
Philips,LME,Siemens,MD,-1.3439332351413607e-05,1.0,130
Philips,LME,Siemens,AD,-5.999221951104934e-05,0.9999999999999999,130
Philips,LME,Siemens,RD,1.0269102287782336e-05,0.9999999999999997,130
Siemens,Original,GE,T2w_CSA,-2.1437856578451004,1.0,25
Siemens,Original,GE,GM_CSA_mm2,-0.5449503404255331,1.0,25
Siemens,Original,GE,MTR,3.311210994255319,1.0,25
Siemens,Original,GE,MTsat,1.0289080632292227,1.0,25
Siemens,Original,GE,FA,-0.019071677761702155,1.0,25
Siemens,Original,GE,MD,-0.0003509106864340426,1.0,25
Siemens,Original,GE,AD,-0.0006421118597617025,1.0,25
Siemens,Original,GE,RD,-0.00020531010362553182,1.0,25
Siemens,Original,Philips,T2w_CSA,-2.660653542704125,1.0,33
Siemens,Original,Philips,GM_CSA_mm2,-0.8574526434558383,1.0,33
Siemens,Original,Philips,MTR,-5.302930118471963,1.0,33
Siemens,Original,Philips,MTsat,0.5308915956769789,1.0,33
Siemens,Original,Philips,FA,0.0791020536686009,1.0,33
Siemens,Original,Philips,MD,-6.65177160219211e-05,1.0,33
Siemens,Original,Philips,AD,5.989760336557056e-05,1.0,33
Siemens,Original,Philips,RD,-0.00012972536678916818,1.0,33
Siemens,Original,Siemens,T2w_CSA,1.0876631411951223,1.0,130
Siemens,Original,Siemens,GM_CSA_mm2,0.32245919803600565,1.0,130
Siemens,Original,Siemens,MTR,0.7093570696399283,1.0,130
Siemens,Original,Siemens,MTsat,-0.33263172490823756,1.0,130
Siemens,Original,Siemens,FA,-0.016412121746317676,1.0,130
Siemens,Original,Siemens,MD,8.436809068903422e-05,1.0,130
Siemens,Original,Siemens,AD,0.00010827827371522026,1.0,130
Siemens,Original,Siemens,RD,7.241299765139129e-05,1.0,130
Siemens,ComBat,GE,T2w_CSA,0.07711053434876192,0.9999638516302441,25
Siemens,ComBat,GE,GM_CSA_mm2,0.013406802948855656,0.9996560083680432,25
Siemens,ComBat,GE,MTR,0.18791249455262005,0.9981845508265479,25
Siemens,ComBat,GE,MTsat,-0.004453144653866481,0.9989013793127917,25
Siemens,ComBat,GE,FA,-0.0006498487432915478,0.9992594988462415,25
Siemens,ComBat,GE,MD,1.4008018180107842e-06,0.999970893877005,25
Siemens,ComBat,GE,AD,6.883366070419266e-07,0.999941025256906,25
Siemens,ComBat,GE,RD,1.7570343324226642e-06,0.9998205031719538,25
Siemens,ComBat,Philips,T2w_CSA,-0.058417071476341675,0.9999887740717599,33
Siemens,ComBat,Philips,GM_CSA_mm2,-0.010156668900645371,0.999753734514514,33
Siemens,ComBat,Philips,MTR,-0.1423579504186776,0.9932253199429131,33
Siemens,ComBat,Philips,MTsat,0.0033735944347466074,0.9999127405590275,33
Siemens,ComBat,Philips,FA,0.0004923096540087046,0.9997771412780445,33
Siemens,ComBat,Philips,MD,-1.0612134984930906e-06,0.9999966423556628,33
Siemens,ComBat,Philips,AD,-5.214671265469338e-07,0.9999600439604895,33
Siemens,ComBat,Philips,RD,-1.331086615471446e-06,0.9999098551235234,33
Siemens,ComBat,Siemens,T2w_CSA,0.0,0.9999999999999999,130
Siemens,ComBat,Siemens,GM_CSA_mm2,1.7763568394002505e-15,1.0,130
Siemens,ComBat,Siemens,MTR,-2.1316282072803006e-14,1.0,130
Siemens,ComBat,Siemens,MTsat,0.0,1.0,130
Siemens,ComBat,Siemens,FA,0.0,0.9999999999999998,130
Siemens,ComBat,Siemens,MD,0.0,0.9999999999999998,130
Siemens,ComBat,Siemens,AD,4.336808689942018e-19,1.0,130
Siemens,ComBat,Siemens,RD,0.0,1.0,130
Siemens,ComBat-joint,GE,T2w_CSA,0.21224599649409015,0.9999973398872217,25
Siemens,ComBat-joint,GE,GM_CSA_mm2,0.04568696191556043,0.9998024296092631,25
Siemens,ComBat-joint,GE,MTR,0.5914968712517279,0.9992475647867501,25
Siemens,ComBat-joint,GE,MTsat,0.02786336883026852,0.9996120721350251,25
Siemens,ComBat-joint,GE,FA,-0.002166479962213641,0.9996699431223575,25
Siemens,ComBat-joint,GE,MD,-3.360524787300958e-06,0.9999918713437049,25
Siemens,ComBat-joint,GE,AD,-1.3369553127474433e-05,0.9999784866508059,25
Siemens,ComBat-joint,GE,RD,1.926333387226647e-06,0.9999080089397934,25
Siemens,ComBat-joint,Philips,T2w_CSA,-0.16079242158645002,0.9999960128654513,33
Siemens,ComBat-joint,Philips,GM_CSA_mm2,-0.034611334784514725,0.999915565383137,33
Siemens,ComBat-joint,Philips,MTR,-0.4481036903422009,0.9981737107978648,33
Siemens,ComBat-joint,Philips,MTsat,-0.021108612750202482,0.9999689377734486,33
Siemens,ComBat-joint,Philips,FA,0.0016412726986466675,0.9999228494155079,33
Siemens,ComBat-joint,Philips,MD,2.545852111591313e-06,0.9999990012678703,33
Siemens,ComBat-joint,Philips,AD,1.0128449338995139e-05,0.9999882350725976,33
Siemens,ComBat-joint,Philips,RD,-1.4593434751717944e-06,0.9999695045593131,33
Siemens,ComBat-joint,Siemens,T2w_CSA,0.0,0.9999999999999999,130
Siemens,ComBat-joint,Siemens,GM_CSA_mm2,0.0,1.0,130
Siemens,ComBat-joint,Siemens,MTR,0.0,0.9999999999999998,130
Siemens,ComBat-joint,Siemens,MTsat,8.881784197001252e-16,0.9999999999999998,130
Siemens,ComBat-joint,Siemens,FA,-1.1102230246251565e-16,0.9999999999999998,130
Siemens,ComBat-joint,Siemens,MD,-2.168404344971009e-19,1.0,130
Siemens,ComBat-joint,Siemens,AD,0.0,1.0,130
Siemens,ComBat-joint,Siemens,RD,-1.0842021724855044e-19,0.9999999999999999,130
Siemens,CovBat,GE,T2w_CSA,0.03728079577963683,0.9928190685629265,25
Siemens,CovBat,GE,GM_CSA_mm2,-0.0020324328177121487,0.9774939446295525,25
Siemens,CovBat,GE,MTR,1.055839598942768,0.9832390707207447,25
Siemens,CovBat,GE,MTsat,0.004161794367941951,0.9954916147899785,25
Siemens,CovBat,GE,FA,-0.0032351751833167297,0.8638475160076114,25
Siemens,CovBat,GE,MD,6.541998824820911e-07,0.9756682246739629,25
Siemens,CovBat,GE,AD,-6.671472085686492e-06,0.9366353525490835,25
Siemens,CovBat,GE,RD,3.946763870961824e-06,0.9969349223241435,25
Siemens,CovBat,Philips,T2w_CSA,-0.37916172298760387,0.9919259551493255,33
Siemens,CovBat,Philips,GM_CSA_mm2,-0.07015996814045522,0.9819654304347951,33
Siemens,CovBat,Philips,MTR,-0.05820481450727044,0.9624804626584984,33
Siemens,CovBat,Philips,MTsat,-0.02725075380596831,0.9990693262271846,33
Siemens,CovBat,Philips,FA,-0.001211191194275707,0.9262969833858222,33
Siemens,CovBat,Philips,MD,3.993973071291391e-06,0.9687920709768361,33
Siemens,CovBat,Philips,AD,2.9306143728758706e-06,0.8476135406966737,33
Siemens,CovBat,Philips,RD,4.405527502167675e-06,0.9961863883219291,33
Siemens,CovBat,Siemens,T2w_CSA,0.0890793612623213,0.9874181785630428,130
Siemens,CovBat,Siemens,GM_CSA_mm2,0.018200690531365638,0.9650538397563274,130
Siemens,CovBat,Siemens,MTR,-0.18827100842178623,0.5523647606914528,130
Siemens,CovBat,Siemens,MTsat,0.0061171539722968404,0.9670820319955675,130
Siemens,CovBat,Siemens,FA,0.0009296052999541171,0.953917431977601,130
Siemens,CovBat,Siemens,MD,-1.1396623724203034e-06,0.9868045570128432,130
Siemens,CovBat,Siemens,AD,5.390502141324697e-07,0.8770730842003596,130
Siemens,CovBat,Siemens,RD,-1.8773192641966321e-06,0.9968424527913017,130
Siemens,RELIEF,GE,T2w_CSA,-1.8590477589626744,0.993290624664151,25
Siemens,RELIEF,GE,GM_CSA_mm2,-0.7994928578924068,0.9783871510096855,25
Siemens,RELIEF,GE,MTR,-0.09470292356438392,0.9837398987133927,25
Siemens,RELIEF,GE,MTsat,0.7620794262197643,0.9992849250322033,25
Siemens,RELIEF,GE,FA,0.04682562524106926,0.8701694493576727,25
Siemens,RELIEF,GE,MD,-0.00017995114796987553,0.9771438615074979,25
Siemens,RELIEF,GE,AD,-0.0002253915980261641,0.937306770758683,25
Siemens,RELIEF,GE,RD,-0.00015591237788617485,0.9974619483361435,25
Siemens,RELIEF,Philips,T2w_CSA,-2.296194813700808,0.9930335850342181,33
Siemens,RELIEF,Philips,GM_CSA_mm2,-0.8578699915992036,0.9828739622890232,33
Siemens,RELIEF,Philips,MTR,-1.2820767532472814,0.963041926520579,33
Siemens,RELIEF,Philips,MTsat,0.7166730826222434,0.9997091432521851,33
Siemens,RELIEF,Philips,FA,0.050008197993857584,0.9284592782998303,33
Siemens,RELIEF,Philips,MD,-0.00017809032585854316,0.9702395015548597,33
Siemens,RELIEF,Philips,AD,-0.00021649738245990658,0.8486835351101426,33
Siemens,RELIEF,Philips,RD,-0.00015729661965528717,0.996728316430073,33
Siemens,RELIEF,Siemens,T2w_CSA,0.940389406355365,0.9962472148951849,130
Siemens,RELIEF,Siemens,GM_CSA_mm2,0.3715156243852622,0.9792321173669588,130
Siemens,RELIEF,Siemens,MTR,0.34366235343284757,0.8861194749020106,130
Siemens,RELIEF,Siemens,MTsat,-0.3284784414002164,0.9990668219644131,130
Siemens,RELIEF,Siemens,FA,-0.021699316652492584,0.9560756314618902,130
Siemens,RELIEF,Siemens,MD,7.98135342506064e-05,0.9907457706077301,130
Siemens,RELIEF,Siemens,AD,9.830156593716201e-05,0.8761762029175639,130
Siemens,RELIEF,Siemens,RD,6.991229150599089e-05,0.9986728485223724,130
Siemens,LME,GE,T2w_CSA,-2.3607551269506075,0.9999999999999998,25
Siemens,LME,GE,GM_CSA_mm2,-0.7093465719594381,0.9999999999999998,25
Siemens,LME,GE,MTR,-1.4020257649851544,1.0,25
Siemens,LME,GE,MTsat,0.7411007215197705,0.9999999999999999,25
Siemens,LME,GE,FA,0.03078378336096388,1.0,25
Siemens,LME,GE,MD,-0.00020328923705195342,1.0,25
Siemens,LME,GE,AD,-0.0002776255933501094,1.0,25
Siemens,LME,GE,RD,-0.00016878541049936016,1.0,25
Siemens,LME,Philips,T2w_CSA,-2.4962827327757253,1.0,33
Siemens,LME,Philips,GM_CSA_mm2,-0.7329100438089391,1.0,33
Siemens,LME,Philips,MTR,-1.7322962099564592,0.9999999999999998,33
Siemens,LME,Philips,MTsat,0.7489274606083827,1.0,33
Siemens,LME,Philips,FA,0.03331642610695995,1.0,33
Siemens,LME,Philips,MD,-0.00020208843484219926,1.0,33
Siemens,LME,Philips,AD,-0.00027483468211442815,0.9999999999999999,33
Siemens,LME,Philips,RD,-0.00016326845231320365,0.9999999999999999,33
Siemens,LME,Siemens,T2w_CSA,1.0876631411951223,0.9999999999999999,130
Siemens,LME,Siemens,GM_CSA_mm2,0.32245919803600565,1.0,130
Siemens,LME,Siemens,MTR,0.7093570696399283,1.0,130
Siemens,LME,Siemens,MTsat,-0.332631724908238,0.9999999999999998,130
Siemens,LME,Siemens,FA,-0.014377204965798529,0.9999999999999996,130
Siemens,LME,Siemens,MD,9.039345596993371e-05,1.0,130
Siemens,LME,Siemens,AD,0.0001231552641809911,1.0,130
Siemens,LME,Siemens,RD,7.390380145245947e-05,0.9999999999999997,130
