subject,site,vendor,field_strength,n_slices_t2star,SC_CSA_t2star,GM_CSA_t2star,WM_CSA_t2star,GM_WM_ratio_t2star,GM_SC_frac_t2star,voxel_dx,voxel_dy,voxel_dz,SC_CSA_t2w,n_slices_t2w
sub-amu01,amu,Siemens,3T,15.0,81.0333,15.0667,66.1667,0.2277,0.1859,0.5,0.5,5.0,78.43036499003503,1.0
sub-amu02,amu,Siemens,3T,15.0,80.45,14.8167,65.7333,0.2254,0.1842,0.5,0.5,5.0,73.65779499049526,1.0
sub-amu03,amu,Siemens,3T,15.0,75.0333,11.35,63.8167,0.1779,0.1513,0.5,0.5,5.0,71.81425282620869,1.0
sub-amu04,amu,Siemens,3T,15.0,71.7333,14.6833,57.15,0.2569,0.2047,0.5,0.5,5.0,64.2392960783709,1.0
sub-amu05,amu,Siemens,3T,15.0,80.3,15.2833,65.15,0.2346,0.1903,0.5,0.5,5.0,74.61366437121491,1.0
sub-balgrist01,balgrist,Siemens,3T,15.0,67.6167,15.7,51.9833,0.302,0.2322,0.5,0.5,5.0,64.72658278150308,1.0
sub-balgrist02,balgrist,Siemens,3T,15.0,73.55,14.3,59.5167,0.2403,0.1944,0.5,0.5,5.0,72.20002319265942,1.0
sub-balgrist03,balgrist,Siemens,3T,15.0,67.5333,15.4,52.3,0.2945,0.228,0.5,0.5,5.0,63.65727463210448,1.0
sub-balgrist04,balgrist,Siemens,3T,15.0,71.0667,15.6167,55.7167,0.2803,0.2197,0.5,0.5,5.0,68.09378838714862,1.0
sub-balgrist05,balgrist,Siemens,3T,15.0,76.6,16.6,60.1333,0.2761,0.2167,0.5,0.5,5.0,73.8869778896421,1.0
sub-balgrist06,balgrist,Siemens,3T,15.0,73.2333,15.9833,57.3833,0.2785,0.2183,0.5,0.5,5.0,71.52915978583518,1.0
sub-barcelona01,barcelona,Siemens,3T,15.0,75.6833,15.0333,60.95,0.2467,0.1986,0.5,0.5,5.0,72.11855020550986,1.0
sub-barcelona02,barcelona,Siemens,3T,15.0,87.6333,17.9333,69.8333,0.2568,0.2046,0.5,0.5,5.0,83.67548724283388,1.0
sub-barcelona03,barcelona,Siemens,3T,15.0,77.9833,15.9167,62.4333,0.2549,0.2041,0.5,0.5,5.0,72.39164239360507,1.0
sub-barcelona04,barcelona,Siemens,3T,15.0,88.6833,16.8,71.9833,0.2334,0.1894,0.5,0.5,5.0,82.17562492545812,1.0
sub-barcelona05,barcelona,Siemens,3T,15.0,68.0333,16.1,52.3333,0.3076,0.2366,0.5,0.5,5.0,66.07197903530034,1.0
sub-barcelona06,barcelona,Siemens,3T,15.0,74.75,17.15,57.9,0.2962,0.2294,0.5,0.5,5.0,74.12566614965084,1.0
sub-beijingGE01,beijingGE,GE,3T,15.0,75.1206,17.6477,57.9068,0.3048,0.2349,0.438,0.438,5.0,72.50725556175836,1.0
sub-beijingGE02,beijingGE,GE,3T,15.0,70.6034,16.1036,54.9081,0.2933,0.2281,0.438,0.438,5.0,66.16783767251766,1.0
sub-beijingGE03,beijingGE,GE,3T,15.0,74.776,16.9586,58.4299,0.2902,0.2268,0.438,0.438,5.0,68.23860626289472,1.0
sub-beijingGE04,beijingGE,GE,3T,15.0,74.674,17.2393,58.0471,0.297,0.2309,0.438,0.438,5.0,69.30444525507473,1.0
sub-beijingPrisma01,beijingPrisma,Siemens,3T,15.0,67.1,14.8833,52.5833,0.283,0.2218,0.5,0.5,5.0,64.89363055181788,1.0
sub-beijingPrisma02,beijingPrisma,Siemens,3T,15.0,67.5167,15.8667,51.7833,0.3064,0.235,0.5,0.5,5.0,64.38552647073138,1.0
sub-beijingPrisma03,beijingPrisma,Siemens,3T,15.0,70.5,16.2333,54.4333,0.2982,0.2303,0.5,0.5,5.0,68.86823524671856,1.0
sub-beijingPrisma04,beijingPrisma,Siemens,3T,15.0,69.3167,14.6833,54.6667,0.2686,0.2118,0.5,0.5,5.0,69.56817630211835,1.0
sub-beijingPrisma05,beijingPrisma,Siemens,3T,15.0,75.0167,16.8667,58.2833,0.2894,0.2248,0.5,0.5,5.0,74.81654983084972,1.0
sub-beijingVerio01,beijingVerio,Siemens,3T,15.0,72.5,15.9667,57.0667,0.2798,0.2202,0.5,0.5,5.0,67.33116905905732,1.0
sub-beijingVerio02,beijingVerio,Siemens,3T,15.0,69.7667,15.3333,54.9333,0.2791,0.2198,0.5,0.5,5.0,62.18963015979664,1.0
sub-beijingVerio03,beijingVerio,Siemens,3T,15.0,71.3667,15.9167,55.55,0.2865,0.223,0.5,0.5,5.0,65.34781966924533,1.0
sub-beijingVerio04,beijingVerio,Siemens,3T,15.0,74.7167,16.9167,57.9,0.2922,0.2264,0.5,0.5,5.0,68.79074755614337,1.0
sub-brnoCeitec01,brnoCeitec,Siemens,3T,15.0,74.2667,16.5667,57.9667,0.2858,0.2231,0.5,0.5,5.0,74.45265640954021,1.0
sub-brnoCeitec02,brnoCeitec,Siemens,3T,15.0,77.1,16.65,60.5167,0.2751,0.216,0.5,0.5,5.0,71.77965874440949,1.0
sub-brnoCeitec03,brnoCeitec,Siemens,3T,15.0,72.9,15.0833,57.9167,0.2604,0.2069,0.5,0.5,5.0,71.19841328583254,1.0
sub-brnoCeitec04,brnoCeitec,Siemens,3T,15.0,73.9667,17.0,57.4333,0.296,0.2298,0.5,0.5,5.0,70.77837745254139,1.0
sub-brnoCeitec05,brnoCeitec,Siemens,3T,15.0,79.2167,18.4333,61.1833,0.3013,0.2327,0.5,0.5,5.0,80.90262120921291,1.0
sub-brnoCeitec06,brnoCeitec,Siemens,3T,15.0,75.5167,16.7833,58.9,0.2849,0.2222,0.5,0.5,5.0,76.39073554998033,1.0
sub-brnoUhb01,brnoUhb,Siemens,1.5T,15.0,80.8628,17.2648,63.8786,0.2703,0.2135,0.438,0.438,5.0,75.4613145380809,1.0
sub-brnoUhb02,brnoUhb,Siemens,1.5T,15.0,78.5786,15.4018,63.4576,0.2427,0.196,0.438,0.438,5.0,78.6598994003994,1.0
sub-brnoUhb03,brnoUhb,Siemens,1.5T,15.0,75.4268,15.6826,60.076,0.261,0.2079,0.438,0.438,5.0,70.45912300956384,1.0
sub-brnoUhb04,brnoUhb,Siemens,1.5T,15.0,70.0547,14.8531,55.3802,0.2682,0.212,0.438,0.438,5.0,66.50707581742358,1.0
sub-brnoUhb05,brnoUhb,Siemens,1.5T,15.0,81.6667,18.2474,63.9297,0.2854,0.2234,0.438,0.438,5.0,79.67897584002462,1.0
sub-brnoUhb06,brnoUhb,Siemens,1.5T,15.0,75.0057,15.8612,59.3487,0.2673,0.2115,0.438,0.438,5.0,71.14685699238825,1.0
sub-brnoUhb07,brnoUhb,Siemens,1.5T,15.0,70.9607,15.4273,55.6354,0.2773,0.2174,0.438,0.438,5.0,64.52173246026702,1.0
sub-brnoUhb08,brnoUhb,Siemens,1.5T,15.0,85.2396,16.5758,68.919,0.2405,0.1945,0.438,0.438,5.0,81.67355838229078,1.0
sub-cardiff01,cardiff,Siemens,3T,15.0,87.9,16.0667,71.9,0.2235,0.1828,0.5,0.5,5.0,76.7642573221302,1.0
sub-cardiff02,cardiff,Siemens,3T,15.0,87.4333,18.6333,69.2,0.2693,0.2131,0.5,0.5,5.0,84.39444704095266,1.0
sub-cardiff03,cardiff,Siemens,3T,15.0,77.7167,16.6833,61.3333,0.272,0.2147,0.5,0.5,5.0,75.7974567642396,1.0
sub-cardiff04,cardiff,Siemens,3T,15.0,83.5333,17.85,65.8833,0.2709,0.2137,0.5,0.5,5.0,81.72480640754675,1.0
sub-cardiff05,cardiff,Siemens,3T,15.0,74.5333,17.4167,57.2833,0.304,0.2337,0.5,0.5,5.0,74.43000657181246,1.0
sub-cardiff06,cardiff,Siemens,3T,15.0,79.7333,17.3,62.6333,0.2762,0.217,0.5,0.5,5.0,76.21086109443957,1.0
sub-cmrra01,cmrra,Siemens,3T,15.0,78.1167,16.9333,61.4167,0.2757,0.2168,0.5,0.5,5.0,42.03544931654356,1.0
sub-cmrra02,cmrra,Siemens,3T,15.0,84.2167,17.0,67.4833,0.2519,0.2019,0.5,0.5,5.0,86.12386908144794,1.0
sub-cmrra03,cmrra,Siemens,3T,15.0,70.8667,16.6333,54.4667,0.3054,0.2347,0.5,0.5,5.0,69.89393980684076,1.0
sub-cmrra04,cmrra,Siemens,3T,15.0,75.0167,16.1667,59.0833,0.2736,0.2155,0.5,0.5,5.0,72.85702677603057,1.0
sub-cmrra05,cmrra,Siemens,3T,15.0,68.7167,14.55,54.3,0.268,0.2117,0.5,0.5,5.0,,
sub-cmrra06,cmrra,Siemens,3T,15.0,74.2333,15.7,58.8,0.267,0.2115,0.5,0.5,5.0,71.42117452314636,1.0
sub-cmrrb01,cmrrb,Siemens,3T,15.0,74.0667,16.3,58.1333,0.2804,0.2201,0.5,0.5,5.0,68.63553676265133,1.0
sub-cmrrb02,cmrrb,Siemens,3T,15.0,82.5833,16.8833,65.9,0.2562,0.2044,0.5,0.5,5.0,72.64014998961923,1.0
sub-cmrrb03,cmrrb,Siemens,3T,15.0,79.5833,16.6,63.3167,0.2622,0.2086,0.5,0.5,5.0,74.42555622820016,1.0
sub-cmrrb04,cmrrb,Siemens,3T,15.0,78.2667,16.9167,61.5833,0.2747,0.2161,0.5,0.5,5.0,74.78396465783955,1.0
sub-cmrrb05,cmrrb,Siemens,3T,15.0,77.2167,15.6667,61.8833,0.2532,0.2029,0.5,0.5,5.0,72.27741200100076,1.0
sub-cmrrb06,cmrrb,Siemens,3T,15.0,81.95,16.8667,65.4833,0.2576,0.2058,0.5,0.5,5.0,81.4596415453478,1.0
sub-cmrrb07,cmrrb,Siemens,3T,15.0,77.1333,17.2,59.9667,0.2868,0.223,0.5,0.5,5.0,75.2340204666609,1.0
sub-dresden01,dresden,Siemens,3T,15.0,77.15,16.5667,60.8167,0.2724,0.2147,0.5,0.5,5.0,74.17438172218083,1.0
sub-dresden02,dresden,Siemens,3T,15.0,78.8833,15.1667,64.1167,0.2365,0.1923,0.5,0.5,5.0,71.84746587953508,1.0
sub-fslAchieva01,fslAchieva,Philips,3T,15.0,78.6,3.8833,74.7167,0.052,0.0494,0.5,0.5,5.0,61.28209283079348,1.0
sub-fslAchieva02,fslAchieva,Philips,3T,15.0,73.0667,11.4667,61.6,0.1861,0.1569,0.5,0.5,5.0,68.25968844620661,1.0
sub-fslAchieva03,fslAchieva,Philips,3T,15.0,65.5833,13.4,52.1833,0.2568,0.2043,0.5,0.5,5.0,59.91606399859553,1.0
sub-fslAchieva04,fslAchieva,Philips,3T,15.0,75.0833,3.25,71.8333,0.0452,0.0433,0.5,0.5,5.0,73.19198387493216,1.0
sub-fslAchieva05,fslAchieva,Philips,3T,15.0,70.8,13.9833,56.8167,0.2461,0.1975,0.5,0.5,5.0,67.0160624452198,1.0
sub-fslAchieva06,fslAchieva,Philips,3T,15.0,83.6333,15.8,67.8333,0.2329,0.1889,0.5,0.5,5.0,80.07223596133014,1.0
sub-fslPrisma01,fslPrisma,Siemens,3T,15.0,84.5667,16.55,68.1167,0.243,0.1957,0.5,0.5,5.0,79.48315795981242,1.0
sub-fslPrisma02,fslPrisma,Siemens,3T,15.0,82.2167,17.0333,65.3167,0.2608,0.2072,0.5,0.5,5.0,79.74558591986796,1.0
sub-fslPrisma03,fslPrisma,Siemens,3T,15.0,87.2667,17.8,70.1,0.2539,0.204,0.5,0.5,5.0,83.93234615963446,1.0
sub-fslPrisma04,fslPrisma,Siemens,3T,15.0,84.7833,18.55,66.7,0.2781,0.2188,0.5,0.5,5.0,85.75055260477099,1.0
sub-fslPrisma05,fslPrisma,Siemens,3T,15.0,76.4333,16.8167,59.75,0.2815,0.22,0.5,0.5,5.0,71.88974924540216,1.0
sub-fslPrisma06,,,,,,,,,,,,,78.28728957108945,1.0
sub-geneva01,,,,,,,,,,,,,76.95243356912769,1.0
sub-geneva02,,,,,,,,,,,,,87.65874744871967,1.0
sub-geneva03,,,,,,,,,,,,,82.23099407576913,1.0
sub-geneva04,,,,,,,,,,,,,68.99062895345863,1.0
sub-geneva05,,,,,,,,,,,,,80.16930922102253,1.0
sub-geneva06,,,,,,,,,,,,,80.63795862600644,1.0
sub-hamburg01,,,,,,,,,,,,,77.69037293883868,1.0
sub-hamburg02,,,,,,,,,,,,,74.9174551500438,1.0
sub-hamburg03,,,,,,,,,,,,,80.44060152146994,1.0
sub-hamburg04,,,,,,,,,,,,,75.04394849583663,1.0
sub-hamburg05,,,,,,,,,,,,,84.87622710262792,1.0
sub-hamburg06,,,,,,,,,,,,,74.23137986271641,1.0
sub-juntendo750w01,,,,,,,,,,,,,67.35364893990747,1.0
sub-juntendo750w02,,,,,,,,,,,,,67.85313561086696,1.0
sub-juntendo750w03,,,,,,,,,,,,,77.76654208087828,1.0
sub-juntendo750w04,,,,,,,,,,,,,66.85450388718095,1.0
sub-juntendo750w05,,,,,,,,,,,,,64.56235529498525,1.0
sub-juntendo750w06,,,,,,,,,,,,,72.4221009564239,1.0
sub-mgh02,,,,,,,,,,,,,64.33837698931698,1.0
sub-mgh03,,,,,,,,,,,,,74.13030009303347,1.0
sub-mgh04,,,,,,,,,,,,,93.56575126656789,1.0
sub-mgh05,,,,,,,,,,,,,85.77658165543167,1.0
sub-mgh06,,,,,,,,,,,,,75.6853718495791,1.0
sub-milan01,,,,,,,,,,,,,78.61702003782094,1.0
sub-milan02,,,,,,,,,,,,,67.50808151695452,1.0
sub-milan03,,,,,,,,,,,,,73.68454803104964,1.0
sub-milan04,,,,,,,,,,,,,66.97367042781977,1.0
sub-milan05,,,,,,,,,,,,,79.25157900729455,1.0
sub-milan06,,,,,,,,,,,,,71.21812884302139,1.0
sub-milan07,,,,,,,,,,,,,72.41241366944455,1.0
sub-mniPilot1,,,,,,,,,,,,,71.49739473473578,1.0
sub-mniS01,,,,,,,,,,,,,76.14041425008405,1.0
sub-mniS02,,,,,,,,,,,,,71.0386781644858,1.0
sub-mniS03,,,,,,,,,,,,,59.515017722299525,1.0
sub-mniS04,,,,,,,,,,,,,86.44982850900271,1.0
sub-mniS05,,,,,,,,,,,,,57.99131178360895,1.0
sub-mniS06,,,,,,,,,,,,,93.07670110819583,1.0
sub-mniS07,,,,,,,,,,,,,78.8944697806769,1.0
sub-mniS08,,,,,,,,,,,,,77.99852899668842,1.0
sub-mniS09,,,,,,,,,,,,,73.3555721499264,1.0
sub-mountSinai01,,,,,,,,,,,,,73.85388129485067,1.0
sub-mountSinai02,,,,,,,,,,,,,70.01686893985004,1.0
sub-mountSinai03,,,,,,,,,,,,,70.81078262079542,1.0
sub-mountSinai04,,,,,,,,,,,,,76.87519242184102,1.0
sub-mountSinai05,,,,,,,,,,,,,72.04309189475579,1.0
sub-mountSinai06,,,,,,,,,,,,,66.99727667704914,1.0
sub-mpicbs01,,,,,,,,,,,,,68.3880250250803,1.0
sub-mpicbs02,,,,,,,,,,,,,76.48662713572425,1.0
sub-mpicbs03,,,,,,,,,,,,,92.98226053080288,1.0
sub-mpicbs05,,,,,,,,,,,,,72.30089429649787,1.0
sub-mpicbs06,,,,,,,,,,,,,66.5919546127763,1.0
sub-mpicbs07,,,,,,,,,,,,,77.97876204199049,1.0
sub-nottwil01,,,,,,,,,,,,,65.5969899988196,1.0
sub-nottwil02,,,,,,,,,,,,,69.76640401788887,1.0
sub-nottwil03,,,,,,,,,,,,,69.99690053687131,1.0
sub-nottwil04,,,,,,,,,,,,,76.69110069873454,1.0
sub-nottwil05,,,,,,,,,,,,,66.54137156834095,1.0
sub-nottwil06,,,,,,,,,,,,,72.10274947714588,1.0
sub-nwu01,,,,,,,,,,,,,67.18446518883519,1.0
sub-nwu02,,,,,,,,,,,,,61.224408990711325,1.0
sub-nwu03,,,,,,,,,,,,,63.95863995398071,1.0
sub-nwu04,,,,,,,,,,,,,79.04309929165426,1.0
sub-nwu05,,,,,,,,,,,,,79.22196834622179,1.0
sub-nwu06,,,,,,,,,,,,,65.2993262471817,1.0
sub-oxfordFmrib01,,,,,,,,,,,,,75.65785980225503,1.0
sub-oxfordFmrib02,,,,,,,,,,,,,84.95172666851204,1.0
sub-oxfordFmrib03,,,,,,,,,,,,,81.58256718019675,1.0
sub-oxfordFmrib04,,,,,,,,,,,,,65.35383644137116,1.0
sub-oxfordFmrib05,,,,,,,,,,,,,74.41948491077616,1.0
sub-oxfordFmrib06,,,,,,,,,,,,,77.34891232979898,1.0
sub-oxfordFmrib07,,,,,,,,,,,,,82.18437073638017,1.0
sub-oxfordFmrib08,,,,,,,,,,,,,68.50471593362555,1.0
sub-oxfordFmrib09,,,,,,,,,,,,,79.9788066524724,1.0
sub-oxfordFmrib10,,,,,,,,,,,,,72.60240310531937,1.0
sub-oxfordFmrib11,,,,,,,,,,,,,74.49866272196529,1.0
sub-oxfordOhba01,,,,,,,,,,,,,73.96714940316637,1.0
sub-oxfordOhba02,,,,,,,,,,,,,86.54540399169555,1.0
sub-oxfordOhba03,,,,,,,,,,,,,72.24156327029644,1.0
sub-oxfordOhba04,,,,,,,,,,,,,65.66740464629046,1.0
sub-oxfordOhba05,,,,,,,,,,,,,96.9039992927043,1.0
sub-pavia01,,,,,,,,,,,,,70.63080446109952,1.0
sub-pavia02,,,,,,,,,,,,,69.2509496216645,1.0
sub-pavia03,,,,,,,,,,,,,75.06624249489312,1.0
sub-pavia04,,,,,,,,,,,,,56.65200761442844,1.0
sub-pavia05,,,,,,,,,,,,,65.52162447513494,1.0
sub-pavia06,,,,,,,,,,,,,80.94722986590244,1.0
sub-perform01,,,,,,,,,,,,,70.53501567711342,1.0
sub-perform02,,,,,,,,,,,,,66.22451234043419,1.0
sub-perform03,,,,,,,,,,,,,73.28996923872587,1.0
sub-perform04,,,,,,,,,,,,,74.93639025793819,1.0
sub-perform05,,,,,,,,,,,,,65.17270158009782,1.0
sub-perform06,,,,,,,,,,,,,67.21562708061774,1.0
sub-queensland01,,,,,,,,,,,,,89.34804736067677,1.0
sub-queensland02,,,,,,,,,,,,,68.40103709880746,1.0
sub-queensland03,,,,,,,,,,,,,84.82228564852684,1.0
sub-queensland04,,,,,,,,,,,,,67.28310866012673,1.0
sub-queensland05,,,,,,,,,,,,,80.95675680156546,1.0
sub-queensland06,,,,,,,,,,,,,82.02922760151556,1.0
sub-sherbrooke01,,,,,,,,,,,,,79.12916534991784,1.0
sub-sherbrooke02,,,,,,,,,,,,,69.16231244796941,1.0
sub-sherbrooke03,,,,,,,,,,,,,77.69122783636146,1.0
sub-sherbrooke04,,,,,,,,,,,,,64.93481903166068,1.0
sub-sherbrooke05,,,,,,,,,,,,,72.182704491672,1.0
sub-sherbrooke06,,,,,,,,,,,,,78.0379478785908,1.0
sub-stanford01,,,,,,,,,,,,,85.28317263479093,1.0
sub-stanford02,,,,,,,,,,,,,72.39330036312127,1.0
sub-stanford03,,,,,,,,,,,,,74.48123740685011,1.0
sub-stanford04,,,,,,,,,,,,,70.94261850332553,1.0
sub-stanford05,,,,,,,,,,,,,74.25266934057872,1.0
sub-stanford06,,,,,,,,,,,,,66.26296103029246,1.0
sub-strasbourg01,,,,,,,,,,,,,70.00675771703308,1.0
sub-strasbourg02,,,,,,,,,,,,,75.9686150962334,1.0
sub-strasbourg03,,,,,,,,,,,,,72.60498748916193,1.0
sub-strasbourg04,,,,,,,,,,,,,64.61947409787825,1.0
sub-strasbourg05,,,,,,,,,,,,,69.74708566716365,1.0
sub-strasbourg06,,,,,,,,,,,,,64.39875263962817,1.0
sub-tehranS01,,,,,,,,,,,,,74.01211043605912,1.0
sub-tehranS02,,,,,,,,,,,,,88.5372872466199,1.0
sub-tehranS03,,,,,,,,,,,,,71.57733709890354,1.0
sub-tehranS04,,,,,,,,,,,,,73.97095358175139,1.0
sub-tehranS05,,,,,,,,,,,,,69.97896379609244,1.0
sub-tehranS06,,,,,,,,,,,,,64.2665831184527,1.0
sub-tokyo750w01,,,,,,,,,,,,,81.69889482318767,1.0
sub-tokyo750w02,,,,,,,,,,,,,66.70138692501916,1.0
sub-tokyo750w03,,,,,,,,,,,,,70.9731641039682,1.0
sub-tokyo750w04,,,,,,,,,,,,,61.82468849489219,1.0
sub-tokyo750w05,,,,,,,,,,,,,61.18284590471082,1.0
sub-tokyo750w06,,,,,,,,,,,,,63.84319526207194,1.0
sub-tokyo750w07,,,,,,,,,,,,,65.52906872148871,1.0
sub-tokyoIngenia01,,,,,,,,,,,,,81.13519261299908,1.0
sub-tokyoIngenia02,,,,,,,,,,,,,66.21840469917468,1.0
sub-tokyoIngenia03,,,,,,,,,,,,,67.880991901603,1.0
sub-tokyoIngenia04,,,,,,,,,,,,,62.57050256264307,1.0
sub-tokyoIngenia05,,,,,,,,,,,,,60.496871199846034,1.0
sub-tokyoIngenia06,,,,,,,,,,,,,64.50316558140463,1.0
sub-tokyoIngenia07,,,,,,,,,,,,,63.330967814299015,1.0
sub-tokyoSkyra01,,,,,,,,,,,,,81.08105001967063,1.0
sub-tokyoSkyra02,,,,,,,,,,,,,65.75262001788859,1.0
sub-tokyoSkyra03,,,,,,,,,,,,,65.3631592040861,1.0
sub-tokyoSkyra04,,,,,,,,,,,,,63.50854813600052,1.0
sub-tokyoSkyra05,,,,,,,,,,,,,60.367952927261406,1.0
sub-tokyoSkyra06,,,,,,,,,,,,,62.3850050378343,1.0
sub-tokyoSkyra07,,,,,,,,,,,,,65.03735309958658,1.0
sub-ubc01,,,,,,,,,,,,,77.4429271289011,1.0
sub-ubc02,,,,,,,,,,,,,68.54845425907898,1.0
sub-ubc03,,,,,,,,,,,,,70.42411837158848,1.0
sub-ubc04,,,,,,,,,,,,,65.80469941125892,1.0
sub-ubc05,,,,,,,,,,,,,77.4379601938205,1.0
sub-ubc06,,,,,,,,,,,,,65.50791911425068,1.0
sub-ucdavis01,,,,,,,,,,,,,81.76651828672648,1.0
sub-ucdavis02,,,,,,,,,,,,,75.53108603755226,1.0
sub-ucdavis03,,,,,,,,,,,,,92.20400109471215,1.0
sub-ucdavis04,,,,,,,,,,,,,67.070097638165,1.0
sub-ucdavis05,,,,,,,,,,,,,68.81828758516554,1.0
sub-ucdavis06,,,,,,,,,,,,,73.37297825834061,1.0
sub-ucdavis07,,,,,,,,,,,,,77.92076636953594,1.0
sub-ucl01,,,,,,,,,,,,,67.03523419944774,1.0
sub-ucl02,,,,,,,,,,,,,81.16398480720765,1.0
sub-ucl03,,,,,,,,,,,,,69.42815891461704,1.0
sub-ucl04,,,,,,,,,,,,,65.93686286719394,1.0
sub-ucl05,,,,,,,,,,,,,81.50199330695169,1.0
sub-ucl06,,,,,,,,,,,,,64.84605546927278,1.0
sub-unf01,,,,,,,,,,,,,82.8856446362393,1.0
sub-unf02,,,,,,,,,,,,,69.97726689279932,1.0
sub-unf03,,,,,,,,,,,,,61.03191935402709,1.0
sub-unf04,,,,,,,,,,,,,79.47333267422808,1.0
sub-unf05,,,,,,,,,,,,,69.37976627940226,1.0
sub-unf06,,,,,,,,,,,,,76.3742661847474,1.0
sub-unf07,,,,,,,,,,,,,79.34103564981991,1.0
sub-vallHebron01,,,,,,,,,,,,,75.26288845972579,1.0
sub-vallHebron02,,,,,,,,,,,,,66.91888228127848,1.0
sub-vallHebron03,,,,,,,,,,,,,61.90385884946536,1.0
sub-vallHebron05,,,,,,,,,,,,,85.64959496219247,1.0
sub-vallHebron06,,,,,,,,,,,,,68.36871432858304,1.0
sub-vallHebron07,,,,,,,,,,,,,77.33733814102989,1.0
sub-vuiisAchieva01,,,,,,,,,,,,,76.69978491242718,1.0
sub-vuiisAchieva02,,,,,,,,,,,,,80.39916905830223,1.0
sub-vuiisAchieva03,,,,,,,,,,,,,74.62309925343438,1.0
sub-vuiisAchieva04,,,,,,,,,,,,,72.11374931603427,1.0
sub-vuiisAchieva05,,,,,,,,,,,,,71.56428330451439,1.0
sub-vuiisAchieva06,,,,,,,,,,,,,69.96382259816329,1.0
sub-vuiisIngenia01,,,,,,,,,,,,,79.71120082272057,1.0
sub-vuiisIngenia02,,,,,,,,,,,,,73.2599548940003,1.0
sub-vuiisIngenia03,,,,,,,,,,,,,66.83951939190821,1.0
sub-vuiisIngenia04,,,,,,,,,,,,,66.85316595000562,1.0
sub-vuiisIngenia05,,,,,,,,,,,,,82.12409192486068,1.0
sub-vuiisIngenia06,,,,,,,,,,,,,79.64219031133499,1.0
