cohort,method,task,repeat,auc
ALL,Original,vendor,0,0.9833933144818228
ALL,Original,vendor,1,0.9852746966538435
ALL,Original,vendor,2,0.9840784163894124
ALL,Original,vendor,3,0.9856890538321865
ALL,Original,vendor,4,0.9860652671705128
ALL,Original,vendor,5,0.9890986090485446
ALL,Original,vendor,6,0.9869574912566709
ALL,Original,vendor,7,0.9887445177019281
ALL,Original,vendor,8,0.9857709556537025
ALL,Original,vendor,9,0.9865857865057004
ALL,Original,vendor,10,0.9849835644612867
ALL,Original,vendor,11,0.9880031001346691
ALL,Original,vendor,12,0.9859112236270359
ALL,Original,vendor,13,0.9872658903874303
ALL,Original,vendor,14,0.9874401638409139
ALL,Original,vendor,15,0.9873932996735784
ALL,Original,vendor,16,0.986202853097983
ALL,Original,vendor,17,0.9823942614056177
ALL,Original,vendor,18,0.9860733282628354
ALL,Original,vendor,19,0.986446192963776
ALL,ComBat,vendor,0,0.7127999738792804
ALL,ComBat,vendor,1,0.7004930002833013
ALL,ComBat,vendor,2,0.6981264783304759
ALL,ComBat,vendor,3,0.7451663419981475
ALL,ComBat,vendor,4,0.67307533360903
ALL,ComBat,vendor,5,0.7041845021710903
ALL,ComBat,vendor,6,0.6988151251448262
ALL,ComBat,vendor,7,0.7097149963381512
ALL,ComBat,vendor,8,0.7001612459403427
ALL,ComBat,vendor,9,0.6890817259253379
ALL,ComBat,vendor,10,0.7045203989034352
ALL,ComBat,vendor,11,0.7014386978505195
ALL,ComBat,vendor,12,0.6937761251923836
ALL,ComBat,vendor,13,0.7110809532659831
ALL,ComBat,vendor,14,0.7368125849552983
ALL,ComBat,vendor,15,0.7093795781416228
ALL,ComBat,vendor,16,0.7105544798225473
ALL,ComBat,vendor,17,0.679461167341822
ALL,ComBat,vendor,18,0.7183581982165771
ALL,ComBat,vendor,19,0.7135057308341123
ALL,ComBat-joint,vendor,0,0.7172542427864768
ALL,ComBat-joint,vendor,1,0.6907370763557049
ALL,ComBat-joint,vendor,2,0.6922767794170608
ALL,ComBat-joint,vendor,3,0.7373134911115637
ALL,ComBat-joint,vendor,4,0.6551393734511167
ALL,ComBat-joint,vendor,5,0.7065545668024903
ALL,ComBat-joint,vendor,6,0.6929008001547019
ALL,ComBat-joint,vendor,7,0.7052487607890953
ALL,ComBat-joint,vendor,8,0.6918780607592061
ALL,ComBat-joint,vendor,9,0.7033904777940355
ALL,ComBat-joint,vendor,10,0.6984355803520338
ALL,ComBat-joint,vendor,11,0.7060692867834044
ALL,ComBat-joint,vendor,12,0.7095461968669013
ALL,ComBat-joint,vendor,13,0.6987625328064045
ALL,ComBat-joint,vendor,14,0.7320435803384169
ALL,ComBat-joint,vendor,15,0.7077823801125925
ALL,ComBat-joint,vendor,16,0.7130846428157932
ALL,ComBat-joint,vendor,17,0.6804112817555263
ALL,ComBat-joint,vendor,18,0.719633813547733
ALL,ComBat-joint,vendor,19,0.712591180537407
ALL,CovBat,vendor,0,0.6475454200740703
ALL,CovBat,vendor,1,0.6264020398567542
ALL,CovBat,vendor,2,0.6359691845929708
ALL,CovBat,vendor,3,0.6352509617313826
ALL,CovBat,vendor,4,0.6259818766483299
ALL,CovBat,vendor,5,0.6151056278998798
ALL,CovBat,vendor,6,0.5937902137741965
ALL,CovBat,vendor,7,0.6548004230969011
ALL,CovBat,vendor,8,0.6094088140605931
ALL,CovBat,vendor,9,0.6395503881922348
ALL,CovBat,vendor,10,0.6367299649156134
ALL,CovBat,vendor,11,0.6268801484910801
ALL,CovBat,vendor,12,0.6588981368975032
ALL,CovBat,vendor,13,0.6056533710483908
ALL,CovBat,vendor,14,0.6400426647728069
ALL,CovBat,vendor,15,0.6158676055480626
ALL,CovBat,vendor,16,0.6242178282355825
ALL,CovBat,vendor,17,0.5830510691694255
ALL,CovBat,vendor,18,0.6654576657175092
ALL,CovBat,vendor,19,0.6343565857179171
ALL,RELIEF,vendor,0,0.7147201926044676
ALL,RELIEF,vendor,1,0.6860940112288382
ALL,RELIEF,vendor,2,0.6851217510926308
ALL,RELIEF,vendor,3,0.7081038770776056
ALL,RELIEF,vendor,4,0.6737257419117951
ALL,RELIEF,vendor,5,0.6893046820286104
ALL,RELIEF,vendor,6,0.6709551958989574
ALL,RELIEF,vendor,7,0.7115594486647119
ALL,RELIEF,vendor,8,0.6633544264179245
ALL,RELIEF,vendor,9,0.6918262849368602
ALL,RELIEF,vendor,10,0.6963731278404577
ALL,RELIEF,vendor,11,0.6966825444547197
ALL,RELIEF,vendor,12,0.7012524698357177
ALL,RELIEF,vendor,13,0.6672362309640315
ALL,RELIEF,vendor,14,0.7009509085127611
ALL,RELIEF,vendor,15,0.6887176055772598
ALL,RELIEF,vendor,16,0.6961583172669213
ALL,RELIEF,vendor,17,0.6479515317906657
ALL,RELIEF,vendor,18,0.7019417924525214
ALL,RELIEF,vendor,19,0.7120814768858864
ALL,LME,vendor,0,0.8328402378630333
ALL,LME,vendor,1,0.8089648822003298
ALL,LME,vendor,2,0.7878565088705858
ALL,LME,vendor,3,0.8268327844907292
ALL,LME,vendor,4,0.7873301983504737
ALL,LME,vendor,5,0.8109164729587744
ALL,LME,vendor,6,0.7984787385956132
ALL,LME,vendor,7,0.7918931234046717
ALL,LME,vendor,8,0.795626301180588
ALL,LME,vendor,9,0.826161573927714
ALL,LME,vendor,10,0.8070871187985252
ALL,LME,vendor,11,0.8263072904076604
ALL,LME,vendor,12,0.8189526480612835
ALL,LME,vendor,13,0.8124178826293426
ALL,LME,vendor,14,0.8167324389947351
ALL,LME,vendor,15,0.8140411835887483
ALL,LME,vendor,16,0.8144199922508322
ALL,LME,vendor,17,0.7902094081085194
ALL,LME,vendor,18,0.8207774057247338
ALL,LME,vendor,19,0.8337329454022133
ALL,Original,pathology,0,0.4823917828319882
ALL,Original,pathology,1,0.487527512839325
ALL,Original,pathology,2,0.49330520909757886
ALL,Original,pathology,3,0.566397652237711
ALL,Original,pathology,4,0.5261371973587674
ALL,Original,pathology,5,0.5067865003668379
ALL,Original,pathology,6,0.5210931768158473
ALL,Original,pathology,7,0.48642699926632427
ALL,Original,pathology,8,0.518892149669846
ALL,Original,pathology,9,0.5307226705796038
ALL,Original,pathology,10,0.5310895084372708
ALL,Original,pathology,11,0.4967901687454145
ALL,Original,pathology,12,0.5543837123991197
ALL,Original,pathology,13,0.4966067498165811
ALL,Original,pathology,14,0.5332905355832722
ALL,Original,pathology,15,0.5082538517975055
ALL,Original,pathology,16,0.5373257520176082
ALL,Original,pathology,17,0.5382428466617756
ALL,Original,pathology,18,0.5375091709464416
ALL,Original,pathology,19,0.5467718268525311
ALL,ComBat,pathology,0,0.6422413793103449
ALL,ComBat,pathology,1,0.6113352898019075
ALL,ComBat,pathology,2,0.6316030814380044
ALL,ComBat,pathology,3,0.6451760821716801
ALL,ComBat,pathology,4,0.6279347028613353
ALL,ComBat,pathology,5,0.580887747615554
ALL,ComBat,pathology,6,0.622340425531915
ALL,ComBat,pathology,7,0.6185803374908291
ALL,ComBat,pathology,8,0.5886830520909758
ALL,ComBat,pathology,9,0.615553925165077
ALL,ComBat,pathology,10,0.6267424798239177
ALL,ComBat,pathology,11,0.6176632428466617
ALL,ComBat,pathology,12,0.6530630961115187
ALL,ComBat,pathology,13,0.6156456346294937
ALL,ComBat,pathology,14,0.6426999266324285
ALL,ComBat,pathology,15,0.6406823184152605
ALL,ComBat,pathology,16,0.6205979457079972
ALL,ComBat,pathology,17,0.6468268525311812
ALL,ComBat,pathology,18,0.6283015407190021
ALL,ComBat,pathology,19,0.6190388848129126
ALL,ComBat-joint,pathology,0,0.6387564196625092
ALL,ComBat-joint,pathology,1,0.6030814380044021
ALL,ComBat-joint,pathology,2,0.6193140132061629
ALL,ComBat-joint,pathology,3,0.6373807776962582
ALL,ComBat-joint,pathology,4,0.6192223037417461
ALL,ComBat-joint,pathology,5,0.5941856199559795
ALL,ComBat-joint,pathology,6,0.6185803374908291
ALL,ComBat-joint,pathology,7,0.6096845194424064
ALL,ComBat-joint,pathology,8,0.5854732208363904
ALL,ComBat-joint,pathology,9,0.6080337490829054
ALL,ComBat-joint,pathology,10,0.6109684519442407
ALL,ComBat-joint,pathology,11,0.6025311812179017
ALL,ComBat-joint,pathology,12,0.6423330887747615
ALL,ComBat-joint,pathology,13,0.6255502567865003
ALL,ComBat-joint,pathology,14,0.6237160674981657
ALL,ComBat-joint,pathology,15,0.6338958180484225
ALL,ComBat-joint,pathology,16,0.6150953778429935
ALL,ComBat-joint,pathology,17,0.6376559060895085
ALL,ComBat-joint,pathology,18,0.6192223037417461
ALL,ComBat-joint,pathology,19,0.6194057226705796
ALL,CovBat,pathology,0,0.5933602347762288
ALL,CovBat,pathology,1,0.5592443140132062
ALL,CovBat,pathology,2,0.5742846661775495
ALL,CovBat,pathology,3,0.6214233308877477
ALL,CovBat,pathology,4,0.5688738077769626
ALL,CovBat,pathology,5,0.5330154071900219
ALL,CovBat,pathology,6,0.5445707997065297
ALL,CovBat,pathology,7,0.5817131327953045
ALL,CovBat,pathology,8,0.5449376375641967
ALL,CovBat,pathology,9,0.5369589141599413
ALL,CovBat,pathology,10,0.5807960381511372
ALL,CovBat,pathology,11,0.6073917828319882
ALL,CovBat,pathology,12,0.61014306676449
ALL,CovBat,pathology,13,0.5665810711665443
ALL,CovBat,pathology,14,0.6473771093176817
ALL,CovBat,pathology,15,0.6022560528246514
ALL,CovBat,pathology,16,0.6202311078503302
ALL,CovBat,pathology,17,0.6143617021276596
ALL,CovBat,pathology,18,0.5547505502567864
ALL,CovBat,pathology,19,0.5838224504768892
ALL,RELIEF,pathology,0,0.6089508437270728
ALL,RELIEF,pathology,1,0.5616287600880411
ALL,RELIEF,pathology,2,0.5713499633162142
ALL,RELIEF,pathology,3,0.6244497432134997
ALL,RELIEF,pathology,4,0.582905355832722
ALL,RELIEF,pathology,5,0.5595194424064565
ALL,RELIEF,pathology,6,0.5587857666911226
ALL,RELIEF,pathology,7,0.5768525311812179
ALL,RELIEF,pathology,8,0.5602531181217902
ALL,RELIEF,pathology,9,0.5464049889948642
ALL,RELIEF,pathology,10,0.6093176815847395
ALL,RELIEF,pathology,11,0.5853815113719736
ALL,RELIEF,pathology,12,0.6152787967718268
ALL,RELIEF,pathology,13,0.5981291269258987
ALL,RELIEF,pathology,14,0.5963866471019809
ALL,RELIEF,pathology,15,0.6158290535583272
ALL,RELIEF,pathology,16,0.627017608217168
ALL,RELIEF,pathology,17,0.6266507703595011
ALL,RELIEF,pathology,18,0.5592443140132062
ALL,RELIEF,pathology,19,0.604181951577403
ALL,LME,pathology,0,0.6178466617754953
ALL,LME,pathology,1,0.5770359501100514
ALL,LME,pathology,2,0.5894167278063096
ALL,LME,pathology,3,0.6462765957446809
ALL,LME,pathology,4,0.6166544387380777
ALL,LME,pathology,5,0.5891415994130594
ALL,LME,pathology,6,0.6091342626559061
ALL,LME,pathology,7,0.5866654438738078
ALL,LME,pathology,8,0.570432868672047
ALL,LME,pathology,9,0.6255502567865004
ALL,LME,pathology,10,0.6057410124724871
ALL,LME,pathology,11,0.5862068965517241
ALL,LME,pathology,12,0.6296771826852531
ALL,LME,pathology,13,0.6213316214233308
ALL,LME,pathology,14,0.6216067498165812
ALL,LME,pathology,15,0.6346294937637563
ALL,LME,pathology,16,0.6087674247982391
ALL,LME,pathology,17,0.6099596478356566
ALL,LME,pathology,18,0.6093176815847395
ALL,LME,pathology,19,0.620964783565664
ALL,Original,sex,0,0.6665119363395225
ALL,Original,sex,1,0.6690981432360743
ALL,Original,sex,2,0.6514588859416446
ALL,Original,sex,3,0.6480769230769231
ALL,Original,sex,4,0.6687665782493369
ALL,Original,sex,5,0.6647214854111405
ALL,Original,sex,6,0.6661140583554377
ALL,Original,sex,7,0.6517241379310346
ALL,Original,sex,8,0.6543103448275862
ALL,Original,sex,9,0.6439655172413793
ALL,Original,sex,10,0.6520557029177717
ALL,Original,sex,11,0.6667771883289124
ALL,Original,sex,12,0.616710875331565
ALL,Original,sex,13,0.6189655172413794
ALL,Original,sex,14,0.6166445623342175
ALL,Original,sex,15,0.624867374005305
ALL,Original,sex,16,0.6059681697612732
ALL,Original,sex,17,0.6646551724137931
ALL,Original,sex,18,0.6224801061007957
ALL,Original,sex,19,0.6515915119363395
ALL,ComBat,sex,0,0.6677055702917772
ALL,ComBat,sex,1,0.6815649867374005
ALL,ComBat,sex,2,0.6631962864721486
ALL,ComBat,sex,3,0.6461538461538462
ALL,ComBat,sex,4,0.6651856763925729
ALL,ComBat,sex,5,0.6737400530503977
ALL,ComBat,sex,6,0.6757957559681698
ALL,ComBat,sex,7,0.6696286472148542
ALL,ComBat,sex,8,0.686870026525199
ALL,ComBat,sex,9,0.6808355437665782
ALL,ComBat,sex,10,0.6637931034482759
ALL,ComBat,sex,11,0.6692970822281168
ALL,ComBat,sex,12,0.6663129973474801
ALL,ComBat,sex,13,0.6442307692307693
ALL,ComBat,sex,14,0.6689655172413792
ALL,ComBat,sex,15,0.6509283819628647
ALL,ComBat,sex,16,0.621419098143236
ALL,ComBat,sex,17,0.6754641909814324
ALL,ComBat,sex,18,0.6526525198938993
ALL,ComBat,sex,19,0.6816976127320956
ALL,ComBat-joint,sex,0,0.6644562334217506
ALL,ComBat-joint,sex,1,0.6792440318302387
ALL,ComBat-joint,sex,2,0.6665119363395224
ALL,ComBat-joint,sex,3,0.639920424403183
ALL,ComBat-joint,sex,4,0.6596816976127321
ALL,ComBat-joint,sex,5,0.6792440318302386
ALL,ComBat-joint,sex,6,0.6789787798408488
ALL,ComBat-joint,sex,7,0.665318302387268
ALL,ComBat-joint,sex,8,0.6818302387267905
ALL,ComBat-joint,sex,9,0.6739389920424402
ALL,ComBat-joint,sex,10,0.6655835543766578
ALL,ComBat-joint,sex,11,0.6671087533156499
ALL,ComBat-joint,sex,12,0.6677055702917772
ALL,ComBat-joint,sex,13,0.6375331564986737
ALL,ComBat-joint,sex,14,0.6598806366047745
ALL,ComBat-joint,sex,15,0.6453580901856764
ALL,ComBat-joint,sex,16,0.623076923076923
ALL,ComBat-joint,sex,17,0.6744031830238726
ALL,ComBat-joint,sex,18,0.6533819628647214
ALL,ComBat-joint,sex,19,0.6864721485411139
ALL,CovBat,sex,0,0.6651856763925729
ALL,CovBat,sex,1,0.680106100795756
ALL,CovBat,sex,2,0.6786472148541114
ALL,CovBat,sex,3,0.6413129973474802
ALL,CovBat,sex,4,0.65815649867374
ALL,CovBat,sex,5,0.6692970822281167
ALL,CovBat,sex,6,0.6655835543766577
ALL,CovBat,sex,7,0.6728779840848808
ALL,CovBat,sex,8,0.6720159151193634
ALL,CovBat,sex,9,0.665053050397878
ALL,CovBat,sex,10,0.6755968169761273
ALL,CovBat,sex,11,0.6490053050397878
ALL,CovBat,sex,12,0.6354111405835544
ALL,CovBat,sex,13,0.6431034482758621
ALL,CovBat,sex,14,0.690716180371353
ALL,CovBat,sex,15,0.6461538461538463
ALL,CovBat,sex,16,0.6299071618037135
ALL,CovBat,sex,17,0.6553050397877984
ALL,CovBat,sex,18,0.6587533156498674
ALL,CovBat,sex,19,0.6782493368700265
ALL,RELIEF,sex,0,0.6770557029177718
ALL,RELIEF,sex,1,0.6902519893899205
ALL,RELIEF,sex,2,0.6822944297082228
ALL,RELIEF,sex,3,0.6486074270557028
ALL,RELIEF,sex,4,0.6699602122015915
ALL,RELIEF,sex,5,0.689920424403183
ALL,RELIEF,sex,6,0.6873342175066314
ALL,RELIEF,sex,7,0.6819628647214854
ALL,RELIEF,sex,8,0.6688992042440318
ALL,RELIEF,sex,9,0.6760610079575597
ALL,RELIEF,sex,10,0.6750663129973474
ALL,RELIEF,sex,11,0.668368700265252
ALL,RELIEF,sex,12,0.6513262599469496
ALL,RELIEF,sex,13,0.6434350132625994
ALL,RELIEF,sex,14,0.7006631299734749
ALL,RELIEF,sex,15,0.6492705570291777
ALL,RELIEF,sex,16,0.6293766578249336
ALL,RELIEF,sex,17,0.6631299734748011
ALL,RELIEF,sex,18,0.6757294429708222
ALL,RELIEF,sex,19,0.6692970822281167
ALL,LME,sex,0,0.6636604774535809
ALL,LME,sex,1,0.6775198938992042
ALL,LME,sex,2,0.6723474801061008
ALL,LME,sex,3,0.6528514588859418
ALL,LME,sex,4,0.6755968169761274
ALL,LME,sex,5,0.6818302387267904
ALL,LME,sex,6,0.6828249336870026
ALL,LME,sex,7,0.6676392572944296
ALL,LME,sex,8,0.688395225464191
ALL,LME,sex,9,0.6746021220159152
ALL,LME,sex,10,0.6827586206896552
ALL,LME,sex,11,0.670159151193634
ALL,LME,sex,12,0.660079575596817
ALL,LME,sex,13,0.6384615384615385
ALL,LME,sex,14,0.6607427055702918
ALL,LME,sex,15,0.6542440318302387
ALL,LME,sex,16,0.6342838196286472
ALL,LME,sex,17,0.6755968169761274
ALL,LME,sex,18,0.661604774535809
ALL,LME,sex,19,0.6763925729442972
HC,Original,vendor,0,0.9807457722781497
HC,Original,vendor,1,0.9849608071861837
HC,Original,vendor,2,0.9836023677512857
HC,Original,vendor,3,0.9803608803988232
HC,Original,vendor,4,0.9839463768028568
HC,Original,vendor,5,0.9842865572417837
HC,Original,vendor,6,0.985165136168091
HC,Original,vendor,7,0.9867808286791205
HC,Original,vendor,8,0.9843994045191012
HC,Original,vendor,9,0.9840143377659499
HC,Original,vendor,10,0.984209762658414
HC,Original,vendor,11,0.9797130010347833
HC,Original,vendor,12,0.9854229178955357
HC,Original,vendor,13,0.9800137284436131
HC,Original,vendor,14,0.9855678483158231
HC,Original,vendor,15,0.9793758890004889
HC,Original,vendor,16,0.9837762343810645
HC,Original,vendor,17,0.9842722903373797
HC,Original,vendor,18,0.9811951583450931
HC,Original,vendor,19,0.9839616452284243
HC,ComBat,vendor,0,0.7262022182262123
HC,ComBat,vendor,1,0.7474225141798518
HC,ComBat,vendor,2,0.7081059021564832
HC,ComBat,vendor,3,0.7562317454965045
HC,ComBat,vendor,4,0.7413923509584673
HC,ComBat,vendor,5,0.7599603077777192
HC,ComBat,vendor,6,0.7365248858310679
HC,ComBat,vendor,7,0.7633148205158005
HC,ComBat,vendor,8,0.7464759159108026
HC,ComBat,vendor,9,0.768113203271218
HC,ComBat,vendor,10,0.7651597793978898
HC,ComBat,vendor,11,0.7495806904280532
HC,ComBat,vendor,12,0.7273533508929347
HC,ComBat,vendor,13,0.7426766554510401
HC,ComBat,vendor,14,0.7634078323928669
HC,ComBat,vendor,15,0.7550388895683939
HC,ComBat,vendor,16,0.7611064095609978
HC,ComBat,vendor,17,0.7754559724419213
HC,ComBat,vendor,18,0.7823323591673566
HC,ComBat,vendor,19,0.7369719136465419
HC,ComBat-joint,vendor,0,0.7412627084766545
HC,ComBat-joint,vendor,1,0.7569369450854673
HC,ComBat-joint,vendor,2,0.7159314939799049
HC,ComBat-joint,vendor,3,0.7774941483946719
HC,ComBat-joint,vendor,4,0.7529558553512231
HC,ComBat-joint,vendor,5,0.7593616752263374
HC,ComBat-joint,vendor,6,0.7402352230571042
HC,ComBat-joint,vendor,7,0.7643739445233947
HC,ComBat-joint,vendor,8,0.7541424967365856
HC,ComBat-joint,vendor,9,0.7621101880180475
HC,ComBat-joint,vendor,10,0.7489995412823095
HC,ComBat-joint,vendor,11,0.7660386011750514
HC,ComBat-joint,vendor,12,0.7381387924338852
HC,ComBat-joint,vendor,13,0.7496500900438473
HC,ComBat-joint,vendor,14,0.7694786159191734
HC,ComBat-joint,vendor,15,0.7561267352495507
HC,ComBat-joint,vendor,16,0.7757108224081071
HC,ComBat-joint,vendor,17,0.7745106639336082
HC,ComBat-joint,vendor,18,0.7780142684315008
HC,ComBat-joint,vendor,19,0.7448484137960515
HC,CovBat,vendor,0,0.6473494397746293
HC,CovBat,vendor,1,0.6789674096752174
HC,CovBat,vendor,2,0.6852520417778339
HC,CovBat,vendor,3,0.6710439141737722
HC,CovBat,vendor,4,0.6934543927872575
HC,CovBat,vendor,5,0.6868870781017201
HC,CovBat,vendor,6,0.6815531053389069
HC,CovBat,vendor,7,0.6791169556933836
HC,CovBat,vendor,8,0.6665685796309462
HC,CovBat,vendor,9,0.6564814691356794
HC,CovBat,vendor,10,0.6612927114801045
HC,CovBat,vendor,11,0.6585842097452134
HC,CovBat,vendor,12,0.6523472451823653
HC,CovBat,vendor,13,0.6302154087604861
HC,CovBat,vendor,14,0.686342593125044
HC,CovBat,vendor,15,0.6764844251289995
HC,CovBat,vendor,16,0.67510086340955
HC,CovBat,vendor,17,0.6855078156377488
HC,CovBat,vendor,18,0.6787369020075436
HC,CovBat,vendor,19,0.6570015727880295
HC,RELIEF,vendor,0,0.71003056150739
HC,RELIEF,vendor,1,0.7356031054876399
HC,RELIEF,vendor,2,0.7468197123883401
HC,RELIEF,vendor,3,0.7346647604359308
HC,RELIEF,vendor,4,0.7325517887532259
HC,RELIEF,vendor,5,0.7365081627925142
HC,RELIEF,vendor,6,0.735991392877913
HC,RELIEF,vendor,7,0.7230583768011174
HC,RELIEF,vendor,8,0.7342954964862742
HC,RELIEF,vendor,9,0.7430621174466073
HC,RELIEF,vendor,10,0.7147287946916028
HC,RELIEF,vendor,11,0.7292692282161154
HC,RELIEF,vendor,12,0.7221824963825961
HC,RELIEF,vendor,13,0.7171159632817781
HC,RELIEF,vendor,14,0.7445723632684605
HC,RELIEF,vendor,15,0.7572792055578655
HC,RELIEF,vendor,16,0.744905295245687
HC,RELIEF,vendor,17,0.7401444727153592
HC,RELIEF,vendor,18,0.7480361924021205
HC,RELIEF,vendor,19,0.7122692037348405
HC,LME,vendor,0,0.8481030622861697
HC,LME,vendor,1,0.8611915215740188
HC,LME,vendor,2,0.841235700015121
HC,LME,vendor,3,0.8477403212680311
HC,LME,vendor,4,0.8391990169058077
HC,LME,vendor,5,0.8517305319607127
HC,LME,vendor,6,0.8603231890448771
HC,LME,vendor,7,0.8706150593967323
HC,LME,vendor,8,0.8281900204959228
HC,LME,vendor,9,0.853040105137664
HC,LME,vendor,10,0.8504959010195913
HC,LME,vendor,11,0.8520465666618516
HC,LME,vendor,12,0.8539477853908339
HC,LME,vendor,13,0.8337192458755615
HC,LME,vendor,14,0.8478443366218467
HC,LME,vendor,15,0.8554019246587677
HC,LME,vendor,16,0.8586153921660312
HC,LME,vendor,17,0.8550909792207212
HC,LME,vendor,18,0.8651139639935644
HC,LME,vendor,19,0.836589424877161
ALL,Permutation,vendor,0,0.5124394568240004
ALL,Permutation,vendor,1,0.5444667671454838
ALL,Permutation,vendor,2,0.4241251404459117
ALL,Permutation,vendor,3,0.4383626510177258
ALL,Permutation,vendor,4,0.4716212414473799
ALL,Permutation,vendor,5,0.46220831078075225
ALL,Permutation,vendor,6,0.512236074824305
ALL,Permutation,vendor,7,0.4350582335144915
ALL,Permutation,vendor,8,0.536228121182435
ALL,Permutation,vendor,9,0.5212588963562411
ALL,Permutation,vendor,10,0.5492795720366401
ALL,Permutation,vendor,11,0.507977841210903
ALL,Permutation,vendor,12,0.5315202271085399
ALL,Permutation,vendor,13,0.4558733668329888
ALL,Permutation,vendor,14,0.46325429522571593
ALL,Permutation,vendor,15,0.5165028480333936
ALL,Permutation,vendor,16,0.52138969519807
ALL,Permutation,vendor,17,0.5107675974106046
ALL,Permutation,vendor,18,0.4640320422251106
ALL,Permutation,vendor,19,0.5152929898652008
