seed,method,eta2,R2_perm,p_perm,r_pre_post,r_within,age_R2,age_R2_gain,n
0,Original,0.3692157717182962,0.3692157717182963,0.001,1.0,1.0,0.008516401772014036,0.0,75
0,ComBat,0.0014853618166743737,0.0014853618166745263,1.0,0.7587730581306726,0.9989072696757916,0.005623808109606695,-0.0028925936624073405,75
0,ComBat-joint,0.0035942146308979147,0.0035942146308978328,0.999,0.7917417332129013,0.9994847552056155,0.005556695492736172,-0.002959706279277864,75
0,CovBat,0.003164826242974639,0.00316482624297502,1.0,0.7663050825538631,0.9684141473283043,0.006302157457264885,-0.002214244314749151,75
0,RELIEF,0.0034239542242934457,0.0034239542242930094,0.998,0.7720418421314778,0.9711297458103124,0.0059817582015911155,-0.0025346435704229203,75
0,LME,0.0016035200273121803,0.0016035200273123943,1.0,0.7898184205634999,1.0,0.0064232275755312105,-0.0020931741964828254,75
1,Original,0.43143680423351705,0.43143680423351694,0.001,1.0,1.0,0.009263330826854104,0.0,75
1,ComBat,0.0011790757417617322,0.0011790757417617212,1.0,0.7029248566458263,0.997982812200632,0.0049855906500007804,-0.004277740176853324,75
1,ComBat-joint,0.002552732347254079,0.0025527323472541263,1.0,0.7360207500898563,0.998612566323656,0.004884179243588194,-0.004379151583265911,75
1,CovBat,0.0023522514625954377,0.0023522514625957075,1.0,0.7121528233079397,0.9893982989923386,0.005899279548449693,-0.0033640512784044114,75
1,RELIEF,0.0024814224509421287,0.0024814224509422424,1.0,0.7350490100155854,0.9953893656471985,0.004983057160212055,-0.004280273666642049,75
1,LME,0.001094212389450905,0.0010942123894507932,1.0,0.7418067588760551,1.0,0.006000978824170588,-0.003262352002683516,75
2,Original,0.3366467331974652,0.3366467331974649,0.001,1.0,1.0,0.007476499339389656,0.0,75
2,ComBat,0.0001660727119567393,0.00016607271195672035,1.0,0.7714606643474643,0.9980880775758684,0.00727758764038676,-0.0001989116990028959,75
2,ComBat-joint,0.002186049721972138,0.0021860497219718883,1.0,0.805795191937937,0.9987513049403426,0.008441364462427487,0.0009648651230378304,75
2,CovBat,0.00202125073993207,0.0020212507399321564,1.0,0.7827379120073065,0.9715266904628358,0.00812298660046796,0.0006464872610783042,75
2,RELIEF,0.001972658442257255,0.001972658442257398,0.999,0.7891911552701618,0.9743290877731047,0.008830675458069249,0.0013541761186795925,75
2,LME,0.0007120831076531215,0.0007120831076531432,1.0,0.8098145139339137,1.0,0.009754500863922787,0.0022780015245331305,75
3,Original,0.38499570107703174,0.3849957010770317,0.001,1.0,1.0,0.0033370022849873,0.0,75
3,ComBat,0.0007223681995983697,0.0007223681995983117,1.0,0.7433556028736081,0.9978896076217724,0.006215001379280145,0.002877999094292845,75
3,ComBat-joint,0.002410678531671378,0.0024106785316712377,1.0,0.7786031698142735,0.9987964370259275,0.006187018716597968,0.002850016431610668,75
3,CovBat,0.0023353428612944292,0.0023353428612947857,1.0,0.7497511127468602,0.9739307842597285,0.007469090266277826,0.004132087981290526,75
3,RELIEF,0.00223743680320817,0.002237436803208084,0.999,0.7621105041324077,0.9753986782487777,0.006534163781156247,0.003197161496168947,75
3,LME,0.00081050735096977,0.0008105073509697529,1.0,0.7786794415371653,1.0,0.007841710473367947,0.0045047081883806475,75
4,Original,0.4092816965834511,0.40928169658345076,0.001,1.0,1.0,0.01356669288417281,0.0,75
4,ComBat,0.0004584307596869812,0.0004584307596869999,1.0,0.7179692978626755,0.9919785510792837,0.01854103647051046,0.004974343586337651,75
4,ComBat-joint,0.0014347911217728337,0.0014347911217727947,1.0,0.7550565374072916,0.9957230684435485,0.02110707465192272,0.007540381767749911,75
4,CovBat,0.001152557037979645,0.0011525570379797045,1.0,0.7212432558759196,0.9602490922970391,0.021785569046212323,0.008218876162039514,75
4,RELIEF,0.001116874020333778,0.0011168740203335874,1.0,0.73383425689648,0.9629546017287254,0.022683379882077217,0.009116686997904407,75
4,LME,0.00048198631452088037,0.0004819863145214261,1.0,0.7597259215271441,1.0,0.0261087927688444,0.01254209988467159,75
5,Original,0.37828750787474075,0.3782875078747408,0.001,1.0,1.0,0.008218086275152435,0.0,75
5,ComBat,0.002156401821157744,0.002156401821157866,1.0,0.7272582899180674,0.9967265616060077,0.012454484016096825,0.00423639774094439,75
5,ComBat-joint,0.002818685722423001,0.0028186857224229323,1.0,0.7683119007084123,0.9982335027829631,0.0123161947752077,0.004098108500055264,75
5,CovBat,0.003099686152147954,0.003099686152147949,1.0,0.7558803543425496,0.9931963831772119,0.013798348456911982,0.005580262181759547,75
5,RELIEF,0.0027388513519389576,0.0027388513519389333,1.0,0.7668207226071401,0.9963562718998246,0.012451802676227225,0.00423371640107479,75
5,LME,0.0015444704370428458,0.0015444704370429466,1.0,0.776838358257279,1.0,0.014884817247167156,0.006666730972014721,75
6,Original,0.3874324936892284,0.38743249368922816,0.001,1.0,1.0,0.003086892487644043,0.0,75
6,ComBat,0.0028870686407202386,0.0028870686407200686,1.0,0.7192269691592634,0.9946032410111846,0.007757256071144274,0.004670363583500231,75
6,ComBat-joint,0.0031333062358931516,0.0031333062358930874,1.0,0.7616060642668194,0.9970969825360374,0.008102293807988773,0.00501540132034473,75
6,CovBat,0.0028997565410552777,0.0028997565410552786,1.0,0.7397120473598754,0.9767645056240073,0.008609915933902116,0.005523023446258073,75
6,RELIEF,0.0030366885708681913,0.0030366885708680985,1.0,0.7459367214542659,0.9778104319957137,0.008371823985115667,0.0052849314974716234,75
6,LME,0.002013013856392527,0.002013013856392452,1.0,0.7744414085476399,1.0,0.013494736619776765,0.01040784413213272,75
7,Original,0.4169522533641936,0.41695225336419334,0.001,1.0,1.0,0.004692494774628719,0.0,75
7,ComBat,0.0006825843923902531,0.0006825843923902158,1.0,0.7122049980431338,0.9973418395531516,0.008625868046253461,0.003933373271624742,75
7,ComBat-joint,0.001530089513432097,0.001530089513432244,1.0,0.7467681339626475,0.9986575056634969,0.008068708318128842,0.003376213543500123,75
7,CovBat,0.000989475097223484,0.0009894750972233625,1.0,0.7302858618539727,0.9947923566484036,0.009300245228410975,0.0046077504537822556,75
7,RELIEF,0.0014349207360368288,0.0014349207360368154,1.0,0.7455692725661067,0.9964796770889014,0.008183077100941627,0.003490582326312908,75
7,LME,0.0007486298628637962,0.0007486298628636709,1.0,0.7514038629362715,1.0,0.009196983689706572,0.004504488915077853,75
8,Original,0.4047806445406107,0.40478064454061086,0.001,1.0,1.0,0.007895418992716972,0.0,75
8,ComBat,0.000678865150976441,0.0006788651509767379,1.0,0.7109341138129774,0.9948557743747036,0.009997861568879943,0.002102442576162971,75
8,ComBat-joint,0.0013911120228008301,0.0013911120228008637,1.0,0.7482066274803849,0.9976033251936824,0.012283113129364923,0.004387694136647951,75
8,CovBat,0.0007272831861211976,0.0007272831861215916,1.0,0.7202841584298066,0.9651818273292468,0.012503028982300341,0.004607609989583369,75
8,RELIEF,0.0009782730556763242,0.0009782730556761028,1.0,0.7297666892139341,0.9716013293548795,0.012973170689099778,0.005077751696382806,75
8,LME,0.0005545792908374053,0.0005545792908372959,1.0,0.7589635015143049,1.0,0.020379706508630545,0.012484287515913572,75
9,Original,0.3778779051900352,0.3778779051900353,0.001,1.0,1.0,0.011370272370825996,0.0,75
9,ComBat,0.0009661540082624227,0.0009661540082625685,1.0,0.7283159288464632,0.9875184913460839,0.029015382844814672,0.017645110473988677,75
9,ComBat-joint,0.0016278132956122815,0.001627813295612365,1.0,0.7677534645252531,0.9942533033130422,0.031277180217604575,0.01990690784677858,75
9,CovBat,0.0014481558335641192,0.0014481558335639494,1.0,0.7273754651373625,0.959734914430188,0.034211569918645934,0.02284129754781994,75
9,RELIEF,0.0013304267011507867,0.0013304267011507896,1.0,0.7514621036602696,0.9701347462992507,0.032610746037162644,0.02124047366633665,75
9,LME,0.0017148305071007033,0.001714830507100563,1.0,0.7782403097693333,1.0,0.03247129812571235,0.021101025754886357,75
10,Original,0.4054808252584655,0.4054808252584655,0.001,1.0,1.0,0.011096731426522868,0.0,75
10,ComBat,0.0004636723659129688,0.00046367236591284683,1.0,0.7247568430491335,0.9969111840144654,0.001633296589817766,-0.0094634348367051,75
10,ComBat-joint,0.0024375691729920748,0.0024375691729920843,1.0,0.7613878082624967,0.9981161863507572,0.0037660576515520412,-0.0073306737749708265,75
10,CovBat,0.0021631696480625484,0.0021631696480623455,1.0,0.7378166047274785,0.9711532983294373,0.0038998607348054676,-0.0071968706917174,75
10,RELIEF,0.002398350233532004,0.0023983502335319902,1.0,0.7447682023427982,0.9730759598417028,0.00418405566220633,-0.006912675764316538,75
10,LME,0.0006539615287346052,0.0006539615287349911,1.0,0.7651636689292003,1.0,0.00631052252124915,-0.004786208905273718,75
11,Original,0.3757415830574049,0.37574158305740485,0.001,1.0,1.0,0.014053242596573841,0.0,75
11,ComBat,0.002598861531805589,0.0025988615318054066,1.0,0.7351835049482371,0.9940181440192731,0.01847270297765296,0.004419460381079118,75
11,ComBat-joint,0.003917851359790701,0.003917851359790537,1.0,0.7761113800630446,0.9969502141883845,0.021875232537275857,0.007821989940702016,75
11,CovBat,0.004050924727119332,0.004050924727119613,0.996,0.7523679419449377,0.9658253924216322,0.021762242566238894,0.0077089999696650525,75
11,RELIEF,0.003923463009914926,0.0039234630099144845,0.998,0.7619278465078398,0.9731500031400198,0.02304415893757666,0.00899091634100282,75
11,LME,0.0023745840024167932,0.0023745840024169715,1.0,0.7842785670430534,1.0,0.028816655151370222,0.01476341255479638,75
12,Original,0.40031454392567234,0.4003145439256724,0.001,1.0,1.0,0.008630257944524284,0.0,75
12,ComBat,0.0012377294871160258,0.0012377294871157574,1.0,0.7367339288220129,0.9990491596257177,0.005235098724664482,-0.0033951592198598023,75
12,ComBat-joint,0.003139108417554818,0.003139108417554629,1.0,0.766439743128438,0.9994680057622225,0.005426981028049836,-0.003203276916474448,75
12,CovBat,0.0023203048053324713,0.002320304805332587,1.0,0.7373428926172525,0.9639113134332131,0.0053226231115741235,-0.0033076348329501605,75
12,RELIEF,0.002924406759111718,0.0029244067591118516,1.0,0.7463486084653316,0.9667615140056753,0.005556300936472208,-0.003073957008052076,75
12,LME,0.0020148652405640737,0.0020148652405636842,1.0,0.7676133388339268,1.0,0.006196924351103646,-0.0024333335934206383,75
13,Original,0.38367155579649403,0.38367155579649403,0.001,1.0,1.0,0.011416912780646538,0.0,75
13,ComBat,0.0008102948485878036,0.000810294848587887,1.0,0.7468011294139562,0.9986939443090757,0.006555493699951752,-0.004861419080694786,75
13,ComBat-joint,0.0018386376906526262,0.001838637690652452,1.0,0.7772394900258466,0.9993095549926431,0.007378846711723702,-0.004038066068922836,75
13,CovBat,0.001619782681057266,0.001619782681057321,1.0,0.7569709184597833,0.9811569891289117,0.006455631137691964,-0.004961281642954575,75
13,RELIEF,0.0016666217154734566,0.0016666217154736765,1.0,0.7640175381957138,0.9840326302261954,0.0074737622796234434,-0.003943150501023095,75
13,LME,0.003073440653297784,0.0030734406532978184,1.0,0.7758663718457113,1.0,0.008002467476883176,-0.003414445303763362,75
14,Original,0.3826741042684774,0.3826741042684772,0.001,1.0,1.0,0.027664333308183166,0.0,75
14,ComBat,0.00044943205190893173,0.0004494320519088055,1.0,0.7485408128203559,0.9978406843691664,0.03619348338025777,0.008529150072074602,75
14,ComBat-joint,0.0014694335577618931,0.0014694335577617795,1.0,0.7789169434647565,0.9987314612353305,0.03776850531481741,0.010104172006634243,75
14,CovBat,0.0011079611211715673,0.0011079611211715701,1.0,0.7572870976009733,0.9660997200129958,0.039498104284499846,0.01183377097631668,75
14,RELIEF,0.0011720630166732922,0.0011720630166733295,1.0,0.759874274777401,0.9687982404502568,0.04004644275398872,0.012382109445805554,75
14,LME,0.0006032757577443952,0.0006032757577442757,1.0,0.7796243293169824,1.0,0.043985164227744816,0.01632083091956165,75
15,Original,0.3837873145390689,0.38378731453906895,0.001,1.0,1.0,0.010363459716225454,0.0,75
15,ComBat,0.0003641569039767891,0.0003641569039767016,1.0,0.7269658197477664,0.9961462523759744,0.008145056875060095,-0.002218402841165359,75
15,ComBat-joint,0.0018528564794818743,0.001852856479481678,1.0,0.7684985174751906,0.9983049382878826,0.008928099157888662,-0.0014353605583367918,75
15,CovBat,0.0015206250890622331,0.0015206250890618853,0.999,0.7444265428665262,0.9699018397672189,0.009464664829339033,-0.0008987948868864216,75
15,RELIEF,0.0018034464011200749,0.0018034464011200651,1.0,0.7533661923880832,0.9716372112973137,0.009233848247079516,-0.0011296114691459382,75
15,LME,0.00043348832320509376,0.0004334883232053243,1.0,0.7744129309621106,1.0,0.011600001304865815,0.0012365415886403611,75
16,Original,0.38683008168302585,0.38683008168302574,0.001,1.0,1.0,0.011810648889839678,0.0,75
16,ComBat,0.00041645577383323017,0.00041645577383349065,1.0,0.7248204785992901,0.9960880431986903,0.014221077404638518,0.00241042851479884,75
16,ComBat-joint,0.0018934283882298783,0.0018934283882297593,1.0,0.7627200849638773,0.9977642186817747,0.016007374265542024,0.004196725375702346,75
16,CovBat,0.001394507805775928,0.001394507805775902,1.0,0.7513280663486266,0.9950238008965462,0.016539122303845695,0.004728473414006017,75
16,RELIEF,0.0017267070414665215,0.0017267070414663977,1.0,0.7613090793891973,0.9952722649424377,0.016155471694913284,0.004344822805073607,75
16,LME,0.000501876229685566,0.00050187622968546,1.0,0.7717202581858209,1.0,0.01945118903508045,0.007640540145240772,75
17,Original,0.37134424430010193,0.37134424430010193,0.001,1.0,1.0,0.013108150023281848,0.0,75
17,ComBat,0.0015392877953083126,0.0015392877953079654,1.0,0.7374814541046959,0.9973829970505452,0.01822762386645954,0.005119473843177694,75
17,ComBat-joint,0.0021071033001964726,0.0021071033001967034,1.0,0.7713501451557201,0.9984972612732698,0.02005699178604175,0.006948841762759901,75
17,CovBat,0.001494349168498004,0.0014943491684978956,1.0,0.7410071240278138,0.9704984944734073,0.02012777437454593,0.007019624351264082,75
17,RELIEF,0.0016704627561664786,0.0016704627561665577,1.0,0.7509368741826374,0.9725040852722172,0.02093029161079667,0.007822141587514823,75
17,LME,0.0008872505917118596,0.0008872505917118663,1.0,0.7760672149973096,1.0,0.02556327570189479,0.012455125678612941,75
18,Original,0.4091166946148766,0.4091166946148766,0.001,1.0,1.0,0.012039365523341498,0.0,75
18,ComBat,0.0003525782359838219,0.0003525782359838558,1.0,0.7205333164804779,0.9952425989571659,0.0063737901740165736,-0.005665575349324925,75
18,ComBat-joint,0.001724282254289796,0.001724282254290112,1.0,0.7564341499817591,0.9974014040929541,0.008032297447523994,-0.004007068075817504,75
18,CovBat,0.0009218025526133114,0.0009218025526134472,1.0,0.7273460858640075,0.976174781898335,0.007544728833423267,-0.004494636689918232,75
18,RELIEF,0.0015531297199583897,0.001553129719958406,1.0,0.7409519561968474,0.9774916721852417,0.008297222109849376,-0.0037421434134921223,75
18,LME,0.00047462956195254067,0.00047462956195261087,1.0,0.7568954579090305,1.0,0.009734507625849804,-0.0023048578974916942,75
19,Original,0.3826566353200578,0.38265663532005784,0.001,1.0,1.0,0.006236811180603846,0.0,75
19,ComBat,0.00047923636261374726,0.00047923636261373295,1.0,0.7457957233888644,0.9994789368391364,0.00917938137873418,0.0029425701981303336,75
19,ComBat-joint,0.0013658859785214287,0.0013658859785215327,1.0,0.7754196647132561,0.99979200205963,0.008798215376425125,0.002561404195821279,75
19,CovBat,0.0009552196127732747,0.0009552196127731348,1.0,0.7477641427557757,0.9727006041874161,0.009727789293233036,0.0034909781126291894,75
19,RELIEF,0.0012410420497012478,0.0012410420497009987,1.0,0.7588470695097722,0.9734346588193881,0.009279214787705931,0.0030424036071020847,75
19,LME,0.003104435813617194,0.003104435813617101,0.999,0.7710255668153891,1.0,0.00932589120784429,0.0030890800272404435,75
