subject,site,vendor,field_strength,vert_level,SC_CSA
sub-amu01,amu,Siemens,3T,2:3,78.43036499003503
sub-amu02,amu,Siemens,3T,2:3,73.65779499049526
sub-amu03,amu,Siemens,3T,2:3,71.81425282620869
sub-amu04,amu,Siemens,3T,2:3,64.2392960783709
sub-amu05,amu,Siemens,3T,2:3,74.61366437121491
sub-balgrist01,balgrist,Siemens,3T,2:3,64.72658278150308
sub-balgrist02,balgrist,Siemens,3T,2:3,72.20002319265942
sub-balgrist03,balgrist,Siemens,3T,2:3,63.65727463210448
sub-balgrist04,balgrist,Siemens,3T,2:3,68.09378838714862
sub-balgrist05,balgrist,Siemens,3T,2:3,73.8869778896421
sub-balgrist06,balgrist,Siemens,3T,2:3,71.52915978583518
sub-barcelona01,barcelona,Siemens,3T,2:3,72.11855020550986
sub-barcelona02,barcelona,Siemens,3T,2:3,83.67548724283388
sub-barcelona03,barcelona,Siemens,3T,2:3,72.39164239360507
sub-barcelona04,barcelona,Siemens,3T,2:3,82.17562492545812
sub-barcelona05,barcelona,Siemens,3T,2:3,66.07197903530034
sub-barcelona06,barcelona,Siemens,3T,2:3,74.12566614965084
sub-beijingGE01,beijingGE,GE,3T,2:3,72.50725556175836
sub-beijingGE02,beijingGE,GE,3T,2:3,66.16783767251766
sub-beijingGE03,beijingGE,GE,3T,2:3,68.23860626289472
sub-beijingGE04,beijingGE,GE,3T,2:3,69.30444525507473
sub-beijingPrisma01,beijingPrisma,Siemens,3T,2:3,64.89363055181788
sub-beijingPrisma02,beijingPrisma,Siemens,3T,2:3,64.38552647073138
sub-beijingPrisma03,beijingPrisma,Siemens,3T,2:3,68.86823524671856
sub-beijingPrisma04,beijingPrisma,Siemens,3T,2:3,69.56817630211835
sub-beijingPrisma05,beijingPrisma,Siemens,3T,2:3,74.81654983084972
sub-beijingVerio01,beijingVerio,Siemens,3T,2:3,67.33116905905732
sub-beijingVerio02,beijingVerio,Siemens,3T,2:3,62.18963015979664
sub-beijingVerio03,beijingVerio,Siemens,3T,2:3,65.34781966924533
sub-beijingVerio04,beijingVerio,Siemens,3T,2:3,68.79074755614337
sub-brnoCeitec01,brnoCeitec,Siemens,3T,2:3,74.45265640954021
sub-brnoCeitec02,brnoCeitec,Siemens,3T,2:3,71.77965874440949
sub-brnoCeitec03,brnoCeitec,Siemens,3T,2:3,71.19841328583254
sub-brnoCeitec04,brnoCeitec,Siemens,3T,2:3,70.77837745254139
sub-brnoCeitec05,brnoCeitec,Siemens,3T,2:3,80.90262120921291
sub-brnoCeitec06,brnoCeitec,Siemens,3T,2:3,76.39073554998033
sub-brnoUhb01,brnoUhb,Siemens,1.5T,2:3,75.4613145380809
sub-brnoUhb02,brnoUhb,Siemens,1.5T,2:3,78.6598994003994
sub-brnoUhb03,brnoUhb,Siemens,1.5T,2:3,70.45912300956384
sub-brnoUhb04,brnoUhb,Siemens,1.5T,2:3,66.50707581742358
sub-brnoUhb05,brnoUhb,Siemens,1.5T,2:3,79.67897584002462
sub-brnoUhb06,brnoUhb,Siemens,1.5T,2:3,71.14685699238825
sub-brnoUhb07,brnoUhb,Siemens,1.5T,2:3,64.52173246026702
sub-brnoUhb08,brnoUhb,Siemens,1.5T,2:3,81.67355838229078
sub-cardiff01,cardiff,Siemens,3T,2:3,76.7642573221302
sub-cardiff02,cardiff,Siemens,3T,2:3,84.39444704095266
sub-cardiff03,cardiff,Siemens,3T,2:3,75.7974567642396
sub-cardiff04,cardiff,Siemens,3T,2:3,81.72480640754675
sub-cardiff05,cardiff,Siemens,3T,2:3,74.43000657181246
sub-cardiff06,cardiff,Siemens,3T,2:3,76.21086109443957
sub-cmrra01,cmrra,Siemens,3T,2:3,42.03544931654356
sub-cmrra02,cmrra,Siemens,3T,2:3,86.12386908144794
sub-cmrra03,cmrra,Siemens,3T,2:3,69.89393980684076
sub-cmrra04,cmrra,Siemens,3T,2:3,72.85702677603057
sub-cmrra06,cmrra,Siemens,3T,2:3,71.42117452314636
sub-cmrrb01,cmrrb,Siemens,3T,2:3,68.63553676265133
sub-cmrrb02,cmrrb,Siemens,3T,2:3,72.64014998961923
sub-cmrrb03,cmrrb,Siemens,3T,2:3,74.42555622820016
sub-cmrrb04,cmrrb,Siemens,3T,2:3,74.78396465783955
sub-cmrrb05,cmrrb,Siemens,3T,2:3,72.27741200100076
sub-cmrrb06,cmrrb,Siemens,3T,2:3,81.4596415453478
sub-cmrrb07,cmrrb,Siemens,3T,2:3,75.2340204666609
sub-dresden01,dresden,Siemens,3T,2:3,74.17438172218083
sub-dresden02,dresden,Siemens,3T,2:3,71.84746587953508
sub-fslAchieva01,fslAchieva,Philips,3T,2:3,61.28209283079348
sub-fslAchieva02,fslAchieva,Philips,3T,2:3,68.25968844620661
sub-fslAchieva03,fslAchieva,Philips,3T,2:3,59.91606399859553
sub-fslAchieva04,fslAchieva,Philips,3T,2:3,73.19198387493216
sub-fslAchieva05,fslAchieva,Philips,3T,2:3,67.0160624452198
sub-fslAchieva06,fslAchieva,Philips,3T,2:3,80.07223596133014
sub-fslPrisma01,fslPrisma,Siemens,3T,2:3,79.48315795981242
sub-fslPrisma02,fslPrisma,Siemens,3T,2:3,79.74558591986796
sub-fslPrisma03,fslPrisma,Siemens,3T,2:3,83.93234615963446
sub-fslPrisma04,fslPrisma,Siemens,3T,2:3,85.75055260477099
sub-fslPrisma05,fslPrisma,Siemens,3T,2:3,71.88974924540216
sub-fslPrisma06,fslPrisma,Siemens,3T,2:3,78.28728957108945
sub-geneva01,geneva,Siemens,3T,2:3,76.95243356912769
sub-geneva02,geneva,Siemens,3T,2:3,87.65874744871967
sub-geneva03,geneva,Siemens,3T,2:3,82.23099407576913
sub-geneva04,geneva,Siemens,3T,2:3,68.99062895345863
sub-geneva05,geneva,Siemens,3T,2:3,80.16930922102253
sub-geneva06,geneva,Siemens,3T,2:3,80.63795862600644
sub-hamburg01,hamburg,Siemens,3T,2:3,77.69037293883868
sub-hamburg02,hamburg,Siemens,3T,2:3,74.9174551500438
sub-hamburg03,hamburg,Siemens,3T,2:3,80.44060152146994
sub-hamburg04,hamburg,Siemens,3T,2:3,75.04394849583663
sub-hamburg05,hamburg,Siemens,3T,2:3,84.87622710262792
sub-hamburg06,hamburg,Siemens,3T,2:3,74.23137986271641
sub-juntendo750w01,juntendo750w,GE,3T,2:3,67.35364893990747
sub-juntendo750w02,juntendo750w,GE,3T,2:3,67.85313561086696
sub-juntendo750w03,juntendo750w,GE,3T,2:3,77.76654208087828
sub-juntendo750w04,juntendo750w,GE,3T,2:3,66.85450388718095
sub-juntendo750w05,juntendo750w,GE,3T,2:3,64.56235529498525
sub-juntendo750w06,juntendo750w,GE,3T,2:3,72.4221009564239
sub-mgh02,mgh,Siemens,3T,2:3,64.33837698931698
sub-mgh03,mgh,Siemens,3T,2:3,74.13030009303347
sub-mgh04,mgh,Siemens,3T,2:3,93.56575126656789
sub-mgh05,mgh,Siemens,3T,2:3,85.77658165543167
sub-mgh06,mgh,Siemens,3T,2:3,75.6853718495791
sub-milan01,milan,Siemens,3T,2:3,78.61702003782094
sub-milan02,milan,Siemens,3T,2:3,67.50808151695452
sub-milan03,milan,Siemens,3T,2:3,73.68454803104964
sub-milan04,milan,Siemens,3T,2:3,66.97367042781977
sub-milan05,milan,Siemens,3T,2:3,79.25157900729455
sub-milan06,milan,Siemens,3T,2:3,71.21812884302139
sub-milan07,milan,Siemens,3T,2:3,72.41241366944455
sub-mniPilot1,mniPilot,Siemens,3T,2:3,71.49739473473578
sub-mniS01,mniS,Siemens,3T,2:3,76.14041425008405
sub-mniS02,mniS,Siemens,3T,2:3,71.0386781644858
sub-mniS03,mniS,Siemens,3T,2:3,59.515017722299525
sub-mniS04,mniS,Siemens,3T,2:3,86.44982850900271
sub-mniS05,mniS,Siemens,3T,2:3,57.99131178360895
sub-mniS06,mniS,Siemens,3T,2:3,93.07670110819583
sub-mniS07,mniS,Siemens,3T,2:3,78.8944697806769
sub-mniS08,mniS,Siemens,3T,2:3,77.99852899668842
sub-mniS09,mniS,Siemens,3T,2:3,73.3555721499264
sub-mountSinai01,mountSinai,Siemens,3T,2:3,73.85388129485067
sub-mountSinai02,mountSinai,Siemens,3T,2:3,70.01686893985004
sub-mountSinai03,mountSinai,Siemens,3T,2:3,70.81078262079542
sub-mountSinai04,mountSinai,Siemens,3T,2:3,76.87519242184102
sub-mountSinai05,mountSinai,Siemens,3T,2:3,72.04309189475579
sub-mountSinai06,mountSinai,Siemens,3T,2:3,66.99727667704914
sub-mpicbs01,mpicbs,Siemens,3T,2:3,68.3880250250803
sub-mpicbs02,mpicbs,Siemens,3T,2:3,76.48662713572425
sub-mpicbs03,mpicbs,Siemens,3T,2:3,92.98226053080288
sub-mpicbs05,mpicbs,Siemens,3T,2:3,72.30089429649787
sub-mpicbs06,mpicbs,Siemens,3T,2:3,66.5919546127763
sub-mpicbs07,mpicbs,Siemens,3T,2:3,77.97876204199049
sub-nottwil01,nottwil,Siemens,3T,2:3,65.5969899988196
sub-nottwil02,nottwil,Siemens,3T,2:3,69.76640401788887
sub-nottwil03,nottwil,Siemens,3T,2:3,69.99690053687131
sub-nottwil04,nottwil,Siemens,3T,2:3,76.69110069873454
sub-nottwil05,nottwil,Siemens,3T,2:3,66.54137156834095
sub-nottwil06,nottwil,Siemens,3T,2:3,72.10274947714588
sub-nwu01,nwu,Siemens,3T,2:3,67.18446518883519
sub-nwu02,nwu,Siemens,3T,2:3,61.224408990711325
sub-nwu03,nwu,Siemens,3T,2:3,63.95863995398071
sub-nwu04,nwu,Siemens,3T,2:3,79.04309929165426
sub-nwu05,nwu,Siemens,3T,2:3,79.22196834622179
sub-nwu06,nwu,Siemens,3T,2:3,65.2993262471817
sub-oxfordFmrib01,oxfordFmrib,Siemens,3T,2:3,75.65785980225503
sub-oxfordFmrib02,oxfordFmrib,Siemens,3T,2:3,84.95172666851204
sub-oxfordFmrib03,oxfordFmrib,Siemens,3T,2:3,81.58256718019675
sub-oxfordFmrib04,oxfordFmrib,Siemens,3T,2:3,65.35383644137116
sub-oxfordFmrib05,oxfordFmrib,Siemens,3T,2:3,74.41948491077616
sub-oxfordFmrib06,oxfordFmrib,Siemens,3T,2:3,77.34891232979898
sub-oxfordFmrib07,oxfordFmrib,Siemens,3T,2:3,82.18437073638017
sub-oxfordFmrib08,oxfordFmrib,Siemens,3T,2:3,68.50471593362555
sub-oxfordFmrib09,oxfordFmrib,Siemens,3T,2:3,79.9788066524724
sub-oxfordFmrib10,oxfordFmrib,Siemens,3T,2:3,72.60240310531937
sub-oxfordFmrib11,oxfordFmrib,Siemens,3T,2:3,74.49866272196529
sub-oxfordOhba01,oxfordOhba,Siemens,3T,2:3,73.96714940316637
sub-oxfordOhba02,oxfordOhba,Siemens,3T,2:3,86.54540399169555
sub-oxfordOhba03,oxfordOhba,Siemens,3T,2:3,72.24156327029644
sub-oxfordOhba04,oxfordOhba,Siemens,3T,2:3,65.66740464629046
sub-oxfordOhba05,oxfordOhba,Siemens,3T,2:3,96.9039992927043
sub-pavia01,pavia,Siemens,3T,2:3,70.63080446109952
sub-pavia02,pavia,Siemens,3T,2:3,69.2509496216645
sub-pavia03,pavia,Siemens,3T,2:3,75.06624249489312
sub-pavia04,pavia,Siemens,3T,2:3,56.65200761442844
sub-pavia05,pavia,Siemens,3T,2:3,65.52162447513494
sub-pavia06,pavia,Siemens,3T,2:3,80.94722986590244
sub-perform01,perform,Siemens,3T,2:3,70.53501567711342
sub-perform02,perform,Siemens,3T,2:3,66.22451234043419
sub-perform03,perform,Siemens,3T,2:3,73.28996923872587
sub-perform04,perform,Siemens,3T,2:3,74.93639025793819
sub-perform05,perform,Siemens,3T,2:3,65.17270158009782
sub-perform06,perform,Siemens,3T,2:3,67.21562708061774
sub-queensland01,queensland,Siemens,3T,2:3,89.34804736067677
sub-queensland02,queensland,Siemens,3T,2:3,68.40103709880746
sub-queensland03,queensland,Siemens,3T,2:3,84.82228564852684
sub-queensland04,queensland,Siemens,3T,2:3,67.28310866012673
sub-queensland05,queensland,Siemens,3T,2:3,80.95675680156546
sub-queensland06,queensland,Siemens,3T,2:3,82.02922760151556
sub-sherbrooke01,sherbrooke,Siemens,3T,2:3,79.12916534991784
sub-sherbrooke02,sherbrooke,Siemens,3T,2:3,69.16231244796941
sub-sherbrooke03,sherbrooke,Siemens,3T,2:3,77.69122783636146
sub-sherbrooke04,sherbrooke,Siemens,3T,2:3,64.93481903166068
sub-sherbrooke05,sherbrooke,Siemens,3T,2:3,72.182704491672
sub-sherbrooke06,sherbrooke,Siemens,3T,2:3,78.0379478785908
sub-stanford01,stanford,Siemens,3T,2:3,85.28317263479093
sub-stanford02,stanford,Siemens,3T,2:3,72.39330036312127
sub-stanford03,stanford,Siemens,3T,2:3,74.48123740685011
sub-stanford04,stanford,Siemens,3T,2:3,70.94261850332553
sub-stanford05,stanford,Siemens,3T,2:3,74.25266934057872
sub-stanford06,stanford,Siemens,3T,2:3,66.26296103029246
sub-strasbourg01,strasbourg,Siemens,3T,2:3,70.00675771703308
sub-strasbourg02,strasbourg,Siemens,3T,2:3,75.9686150962334
sub-strasbourg03,strasbourg,Siemens,3T,2:3,72.60498748916193
sub-strasbourg04,strasbourg,Siemens,3T,2:3,64.61947409787825
sub-strasbourg05,strasbourg,Siemens,3T,2:3,69.74708566716365
sub-strasbourg06,strasbourg,Siemens,3T,2:3,64.39875263962817
sub-tehranS01,tehranS,Siemens,1.5T,2:3,74.01211043605912
sub-tehranS02,tehranS,Siemens,1.5T,2:3,88.5372872466199
sub-tehranS03,tehranS,Siemens,1.5T,2:3,71.57733709890354
sub-tehranS04,tehranS,Siemens,1.5T,2:3,73.97095358175139
sub-tehranS05,tehranS,Siemens,1.5T,2:3,69.97896379609244
sub-tehranS06,tehranS,Siemens,1.5T,2:3,64.2665831184527
sub-tokyo750w01,tokyo750w,GE,3T,2:3,81.69889482318767
sub-tokyo750w02,tokyo750w,GE,3T,2:3,66.70138692501916
sub-tokyo750w03,tokyo750w,GE,3T,2:3,70.9731641039682
sub-tokyo750w04,tokyo750w,GE,3T,2:3,61.82468849489219
sub-tokyo750w05,tokyo750w,GE,3T,2:3,61.18284590471082
sub-tokyo750w06,tokyo750w,GE,3T,2:3,63.84319526207194
sub-tokyo750w07,tokyo750w,GE,3T,2:3,65.52906872148871
sub-tokyoIngenia01,tokyoIngenia,Philips,3T,2:3,81.13519261299908
sub-tokyoIngenia02,tokyoIngenia,Philips,3T,2:3,66.21840469917468
sub-tokyoIngenia03,tokyoIngenia,Philips,3T,2:3,67.880991901603
sub-tokyoIngenia04,tokyoIngenia,Philips,3T,2:3,62.57050256264307
sub-tokyoIngenia05,tokyoIngenia,Philips,3T,2:3,60.496871199846034
sub-tokyoIngenia06,tokyoIngenia,Philips,3T,2:3,64.50316558140463
sub-tokyoIngenia07,tokyoIngenia,Philips,3T,2:3,63.330967814299015
sub-tokyoSkyra01,tokyoSkyra,Siemens,3T,2:3,81.08105001967063
sub-tokyoSkyra02,tokyoSkyra,Siemens,3T,2:3,65.75262001788859
sub-tokyoSkyra03,tokyoSkyra,Siemens,3T,2:3,65.3631592040861
sub-tokyoSkyra04,tokyoSkyra,Siemens,3T,2:3,63.50854813600052
sub-tokyoSkyra05,tokyoSkyra,Siemens,3T,2:3,60.367952927261406
sub-tokyoSkyra06,tokyoSkyra,Siemens,3T,2:3,62.3850050378343
sub-tokyoSkyra07,tokyoSkyra,Siemens,3T,2:3,65.03735309958658
sub-ubc01,ubc,GE,3T,2:3,77.4429271289011
sub-ubc02,ubc,GE,3T,2:3,68.54845425907898
sub-ubc03,ubc,GE,3T,2:3,70.42411837158848
sub-ubc04,ubc,GE,3T,2:3,65.80469941125892
sub-ubc05,ubc,GE,3T,2:3,77.4379601938205
sub-ubc06,ubc,GE,3T,2:3,65.50791911425068
sub-ucdavis01,ucdavis,Siemens,3T,2:3,81.76651828672648
sub-ucdavis02,ucdavis,Siemens,3T,2:3,75.53108603755226
sub-ucdavis03,ucdavis,Siemens,3T,2:3,92.20400109471215
sub-ucdavis04,ucdavis,Siemens,3T,2:3,67.070097638165
sub-ucdavis05,ucdavis,Siemens,3T,2:3,68.81828758516554
sub-ucdavis06,ucdavis,Siemens,3T,2:3,73.37297825834061
sub-ucdavis07,ucdavis,Siemens,3T,2:3,77.92076636953594
sub-ucl01,ucl,Siemens,3T,2:3,67.03523419944774
sub-ucl02,ucl,Siemens,3T,2:3,81.16398480720765
sub-ucl03,ucl,Siemens,3T,2:3,69.42815891461704
sub-ucl04,ucl,Siemens,3T,2:3,65.93686286719394
sub-ucl05,ucl,Siemens,3T,2:3,81.50199330695169
sub-ucl06,ucl,Siemens,3T,2:3,64.84605546927278
sub-unf01,unf,Siemens,3T,2:3,82.8856446362393
sub-unf02,unf,Siemens,3T,2:3,69.97726689279932
sub-unf03,unf,Siemens,3T,2:3,61.03191935402709
sub-unf04,unf,Siemens,3T,2:3,79.47333267422808
sub-unf05,unf,Siemens,3T,2:3,69.37976627940226
sub-unf06,unf,Siemens,3T,2:3,76.3742661847474
sub-unf07,unf,Siemens,3T,2:3,79.34103564981991
sub-vallHebron01,vallHebron,Siemens,3T,2:3,75.26288845972579
sub-vallHebron02,vallHebron,Siemens,3T,2:3,66.91888228127848
sub-vallHebron03,vallHebron,Siemens,3T,2:3,61.90385884946536
sub-vallHebron05,vallHebron,Siemens,3T,2:3,85.64959496219247
sub-vallHebron06,vallHebron,Siemens,3T,2:3,68.36871432858304
sub-vallHebron07,vallHebron,Siemens,3T,2:3,77.33733814102989
sub-vuiisAchieva01,vuiisAchieva,Philips,3T,2:3,76.69978491242718
sub-vuiisAchieva02,vuiisAchieva,Philips,3T,2:3,80.39916905830223
sub-vuiisAchieva03,vuiisAchieva,Philips,3T,2:3,74.62309925343438
sub-vuiisAchieva04,vuiisAchieva,Philips,3T,2:3,72.11374931603427
sub-vuiisAchieva05,vuiisAchieva,Philips,3T,2:3,71.56428330451439
sub-vuiisAchieva06,vuiisAchieva,Philips,3T,2:3,69.96382259816329
sub-vuiisIngenia01,vuiisIngenia,Philips,3T,2:3,79.71120082272057
sub-vuiisIngenia02,vuiisIngenia,Philips,3T,2:3,73.2599548940003
sub-vuiisIngenia03,vuiisIngenia,Philips,3T,2:3,66.83951939190821
sub-vuiisIngenia04,vuiisIngenia,Philips,3T,2:3,66.85316595000562
sub-vuiisIngenia05,vuiisIngenia,Philips,3T,2:3,82.12409192486068
sub-vuiisIngenia06,vuiisIngenia,Philips,3T,2:3,79.64219031133499
